Workbook

Sheet 사용안내
A1: 위례 근태 관리 — Teams · OneDrive 공동 편집용
A3: 이 파일은 Teams 또는 OneDrive 공유 폴더에 두고 모든 구성원이 동시에 편집합니다. 각자 자기 행만 고치면 되고, 30% 판정·월 총량·OT 잔여는 전부 자동으로 계산됩니다.
A5: ■ 반드시 지켜주세요 — 동시 편집이 되려면
A6: · Excel Online(브라우저)으로 열거나, Excel 데스크톱에서 자동 저장(AutoSave)을 켜고 여세요.
A7: · 파일을 자기 PC로 복사해서 열면 별개 파일이 되어 다른 사람 입력이 반영되지 않습니다.
A9: ■ 근태 시트 — 자기 이름 행에서 날짜 칸을 고릅니다
A10: · 빈칸이 8시간 근무입니다. 8시간을 채우는 날은 아무것도 넣지 마세요.
A11: · 유형 11가지 · 출근 6가지 · 퇴근 18가지를 각각 고르면 됩니다. 연차·출장·교육·기타·휴직은 유형만 고르고 시각은 비워 둡니다.
A12: · 규칙에 없는 조합(예: 오전반 + 08:30 출근)은 빨갛게 표시됩니다 — 유형·출근·퇴근을 다시 고르세요.
A13: · 맨 아래 판정 행이 빨갛게 되면 그날 30%가 미달입니다. 노랗게 강조된 칸이 조율 후보 — 그 사람이 8시간으로 바꾸면 충족됩니다.
A14: · 노란 칸(B1·B2)에 연·월을 넣으면 날짜와 요일이 자동으로 바뀝니다.
A16: ■ OT 시트 — 날짜별 초과근로 시간
... A34: 근무 조합 106가지는 index.html 의 규칙 엔진에서 직접 뽑았습니다 (규칙 엔진에서 새로 생성). 규칙이 바뀌면 python worktime/build_xlsx.py 로 다시 만드세요.

Sheet 근태
A1: 연 | B1: 2026 | D1: 근태 — 빈칸이 8시간 근무입니다. 못 채우는 날만 채우세요
A2: 월 | B2: 9 | D2: 유형 · 출근 · 퇴근을 각각 고릅니다 (연차 · 출장 · 교육 · 휴직은 유형만) · 노란 칸에 연·월을 넣으면 날짜와 요일이 바뀝니다
A3: 주 | D3: =IF(D4="","",INT((D4-1+MOD(WEEKDAY(DATE($B$1,$B$2,1))+5,7))/7)+1) | G3: =IF(G4="","",INT((G4-1+MOD(WEEKDAY(DATE($B$1,$B$2,1))+5,7))/7)+1) | J3: =IF(J4="","",INT((J4-1+MOD(WEEKDAY(DATE($B$1,$B$2,1))+5,7))/7)+1) | M3: =IF(M4="","",INT((M4-1+MOD(WEEKDAY(DATE($B$1,$B$2,1))+5,7))/7)+1) | P3: =IF(P4="","",INT((P4-1+MOD(WEEKDAY(DATE($B$1,$B$2,1))+5,7))/7)+1) | S3: =IF(S4="","",INT((S4-1+MOD(WEEKDAY(DATE($B$1,$B$2,1))+5,7))/7)+1) | V3: =IF(V4="","",INT((V4-1+MOD(WEEKDAY(DATE($B$1,$B$2,1))+5,7))/7)+1) | Y3: =IF(Y4="","",INT((Y4-1+MOD(WEEKDAY(DATE($B$1,$B$2,1))+5,7))/7)+1) | AB3: =IF(AB4="","",INT((AB4-1+MOD(WEEKDAY(DATE($B$1,$B$2,1))+5,7))/7)+1) | AE3: =IF(AE4="","",INT((AE4-1+MOD(WEEKDAY(DATE($B$1,$B$2,1))+5,7))/7)+1) | AH3: =IF(AH4="","",INT((AH4-1+MOD(WEEKDAY(DATE($B$1,$B$2,1))+5,7))/7)+1) | AK3: =IF(AK4="","",INT((AK4-1+MOD(WEEKDAY(DATE($B$1,$B$2,1))+5,7))/7)+1) | AN3: =IF(AN4="","",INT((AN4-1+MOD(WEEKDAY(DATE($B$1,$B$2,1))+5,7))/7)+1) | AQ3: =IF(AQ4="","",INT((AQ4-1+MOD(WEEKDAY(DATE($B$1,$B$2,1))+5,7))/7)+1) | AT3: =IF(AT4="","",INT((AT4-1+MOD(WEEKDAY(DATE($B$1,$B$2,1))+5,7))/7)+1) | AW3: =IF(AW4="","",INT((AW4-1+MOD(WEEKDAY(DATE($B$1,$B$2,1))+5,7))/7)+1) | AZ3: =IF(AZ4="","",INT((AZ4-1+MOD(WEEKDAY(DATE($B$1,$B$2,1))+5,7))/7)+1) | BC3: =IF(BC4="","",INT((BC4-1+MOD(WEEKDAY(DATE($B$1,$B$2,1))+5,7))/7)+1) | BF3: =IF(BF4="","",INT((BF4-1+MOD(WEEKDAY(DATE($B$1,$B$2,1))+5,7))/7)+1) | BI3: =IF(BI4="","",INT((BI4-1+MOD(WEEKDAY(DATE($B$1,$B$2,1))+5,7))/7)+1) | BL3: =IF(BL4="","",INT((BL4-1+MOD(WEEKDAY(DATE($B$1,$B$2,1))+5,7))/7)+1) | BO3: =IF(BO4="","",INT((BO4-1+MOD(WEEKDAY(DATE($B$1,$B$2,1))+5,7))/7)+1) | BR3: =IF(BR4="","",INT((BR4-1+MOD(WEEKDAY(DATE($B$1,$B$2,1))+5,7))/7)+1) | BU3: =IF(BU4="","",INT((BU4-1+MOD(WEEKDAY(DATE($B$1,$B$2,1))+5,7))/7)+1) | BX3: =IF(BX4="","",INT((BX4-1+MOD(WEEKDAY(DATE($B$1,$B$2,1))+5,7))/7)+1) | CA3: =IF(CA4="","",INT((CA4-1+MOD(WEEKDAY(DATE($B$1,$B$2,1))+5,7))/7)+1) | CD3: =IF(CD4="","",INT((CD4-1+MOD(WEEKDAY(DATE($B$1,$B$2,1))+5,7))/7)+1) | CG3: =IF(CG4="","",INT((CG4-1+MOD(WEEKDAY(DATE($B$1,$B$2,1))+5,7))/7)+1) | CJ3: =IF(CJ4="","",INT((CJ4-1+MOD(WEEKDAY(DATE($B$1,$B$2,1))+5,7))/7)+1) | CM3: =IF(CM4="","",INT((CM4-1+MOD(WEEKDAY(DATE($B$1,$B$2,1))+5,7))/7)+1) | CP3: =IF(CP4="","",INT((CP4-1+MOD(WEEKDAY(DATE($B$1,$B$2,1))+5,7))/7)+1)
D4: =IF(MONTH(DATE($B$1,$B$2,1))<>$B$2,"",1) | G4: =IF(MONTH(DATE($B$1,$B$2,2))<>$B$2,"",2) | J4: =IF(MONTH(DATE($B$1,$B$2,3))<>$B$2,"",3) | M4: =IF(MONTH(DATE($B$1,$B$2,4))<>$B$2,"",4) | P4: =IF(MONTH(DATE($B$1,$B$2,5))<>$B$2,"",5) | S4: =IF(MONTH(DATE($B$1,$B$2,6))<>$B$2,"",6) | V4: =IF(MONTH(DATE($B$1,$B$2,7))<>$B$2,"",7) | Y4: =IF(MONTH(DATE($B$1,$B$2,8))<>$B$2,"",8) | AB4: =IF(MONTH(DATE($B$1,$B$2,9))<>$B$2,"",9) | AE4: =IF(MONTH(DATE($B$1,$B$2,10))<>$B$2,"",10) | AH4: =IF(MONTH(DATE($B$1,$B$2,11))<>$B$2,"",11) | AK4: =IF(MONTH(DATE($B$1,$B$2,12))<>$B$2,"",12) | AN4: =IF(MONTH(DATE($B$1,$B$2,13))<>$B$2,"",13) | AQ4: =IF(MONTH(DATE($B$1,$B$2,14))<>$B$2,"",14) | AT4: =IF(MONTH(DATE($B$1,$B$2,15))<>$B$2,"",15) | AW4: =IF(MONTH(DATE($B$1,$B$2,16))<>$B$2,"",16) | AZ4: =IF(MONTH(DATE($B$1,$B$2,17))<>$B$2,"",17) | BC4: =IF(MONTH(DATE($B$1,$B$2,18))<>$B$2,"",18) | BF4: =IF(MONTH(DATE($B$1,$B$2,19))<>$B$2,"",19) | BI4: =IF(MONTH(DATE($B$1,$B$2,20))<>$B$2,"",20) | BL4: =IF(MONTH(DATE($B$1,$B$2,21))<>$B$2,"",21) | BO4: =IF(MONTH(DATE($B$1,$B$2,22))<>$B$2,"",22) | BR4: =IF(MONTH(DATE($B$1,$B$2,23))<>$B$2,"",23) | BU4: =IF(MONTH(DATE($B$1,$B$2,24))<>$B$2,"",24) | BX4: =IF(MONTH(DATE($B$1,$B$2,25))<>$B$2,"",25) | CA4: =IF(MONTH(DATE($B$1,$B$2,26))<>$B$2,"",26) | CD4: =IF(MONTH(DATE($B$1,$B$2,27))<>$B$2,"",27) | CG4: =IF(MONTH(DATE($B$1,$B$2,28))<>$B$2,"",28) | CJ4: =IF(MONTH(DATE($B$1,$B$2,29))<>$B$2,"",29) | CM4: =IF(MONTH(DATE($B$1,$B$2,30))<>$B$2,"",30) | CP4: =IF(MONTH(DATE($B$1,$B$2,31))<>$B$2,"",31)
D5: =IF(D$4="","",INDEX(코드!$M$2:$M$8,WEEKDAY(DATE($B$1,$B$2,D$4)))) | G5: =IF(G$4="","",INDEX(코드!$M$2:$M$8,WEEKDAY(DATE($B$1,$B$2,G$4)))) | J5: =IF(J$4="","",INDEX(코드!$M$2:$M$8,WEEKDAY(DATE($B$1,$B$2,J$4)))) | M5: =IF(M$4="","",INDEX(코드!$M$2:$M$8,WEEKDAY(DATE($B$1,$B$2,M$4)))) | P5: =IF(P$4="","",INDEX(코드!$M$2:$M$8,WEEKDAY(DATE($B$1,$B$2,P$4)))) | S5: =IF(S$4="","",INDEX(코드!$M$2:$M$8,WEEKDAY(DATE($B$1,$B$2,S$4)))) | V5: =IF(V$4="","",INDEX(코드!$M$2:$M$8,WEEKDAY(DATE($B$1,$B$2,V$4)))) | Y5: =IF(Y$4="","",INDEX(코드!$M$2:$M$8,WEEKDAY(DATE($B$1,$B$2,Y$4)))) | AB5: =IF(AB$4="","",INDEX(코드!$M$2:$M$8,WEEKDAY(DATE($B$1,$B$2,AB$4)))) | AE5: =IF(AE$4="","",INDEX(코드!$M$2:$M$8,WEEKDAY(DATE($B$1,$B$2,AE$4)))) | AH5: =IF(AH$4="","",INDEX(코드!$M$2:$M$8,WEEKDAY(DATE($B$1,$B$2,AH$4)))) | AK5: =IF(AK$4="","",INDEX(코드!$M$2:$M$8,WEEKDAY(DATE($B$1,$B$2,AK$4)))) | AN5: =IF(AN$4="","",INDEX(코드!$M$2:$M$8,WEEKDAY(DATE($B$1,$B$2,AN$4)))) | AQ5: =IF(AQ$4="","",INDEX(코드!$M$2:$M$8,WEEKDAY(DATE($B$1,$B$2,AQ$4)))) | AT5: =IF(AT$4="","",INDEX(코드!$M$2:$M$8,WEEKDAY(DATE($B$1,$B$2,AT$4)))) | AW5: =IF(AW$4="","",INDEX(코드!$M$2:$M$8,WEEKDAY(DATE($B$1,$B$2,AW$4)))) | AZ5: =IF(AZ$4="","",INDEX(코드!$M$2:$M$8,WEEKDAY(DATE($B$1,$B$2,AZ$4)))) | BC5: =IF(BC$4="","",INDEX(코드!$M$2:$M$8,WEEKDAY(DATE($B$1,$B$2,BC$4)))) | BF5: =IF(BF$4="","",INDEX(코드!$M$2:$M$8,WEEKDAY(DATE($B$1,$B$2,BF$4)))) | BI5: =IF(BI$4="","",INDEX(코드!$M$2:$M$8,WEEKDAY(DATE($B$1,$B$2,BI$4)))) | BL5: =IF(BL$4="","",INDEX(코드!$M$2:$M$8,WEEKDAY(DATE($B$1,$B$2,BL$4)))) | BO5: =IF(BO$4="","",INDEX(코드!$M$2:$M$8,WEEKDAY(DATE($B$1,$B$2,BO$4)))) | BR5: =IF(BR$4="","",INDEX(코드!$M$2:$M$8,WEEKDAY(DATE($B$1,$B$2,BR$4)))) | BU5: =IF(BU$4="","",INDEX(코드!$M$2:$M$8,WEEKDAY(DATE($B$1,$B$2,BU$4)))) | BX5: =IF(BX$4="","",INDEX(코드!$M$2:$M$8,WEEKDAY(DATE($B$1,$B$2,BX$4)))) | CA5: =IF(CA$4="","",INDEX(코드!$M$2:$M$8,WEEKDAY(DATE($B$1,$B$2,CA$4)))) | CD5: =IF(CD$4="","",INDEX(코드!$M$2:$M$8,WEEKDAY(DATE($B$1,$B$2,CD$4)))) | CG5: =IF(CG$4="","",INDEX(코드!$M$2:$M$8,WEEKDAY(DATE($B$1,$B$2,CG$4)))) | CJ5: =IF(CJ$4="","",INDEX(코드!$M$2:$M$8,WEEKDAY(DATE($B$1,$B$2,CJ$4)))) | CM5: =IF(CM$4="","",INDEX(코드!$M$2:$M$8,WEEKDAY(DATE($B$1,$B$2,CM$4)))) | CP5: =IF(CP$4="","",INDEX(코드!$M$2:$M$8,WEEKDAY(DATE($B$1,$B$2,CP$4))))
D6: =IF(D$4="","",IF(OR(WEEKDAY(DATE($B$1,$B$2,D$4),2)>5,COUNTIF(공휴일!$A$2:$A$400,DATE($B$1,$B$2,D$4))>0),"휴일","")) | G6: =IF(G$4="","",IF(OR(WEEKDAY(DATE($B$1,$B$2,G$4),2)>5,COUNTIF(공휴일!$A$2:$A$400,DATE($B$1,$B$2,G$4))>0),"휴일","")) | J6: =IF(J$4="","",IF(OR(WEEKDAY(DATE($B$1,$B$2,J$4),2)>5,COUNTIF(공휴일!$A$2:$A$400,DATE($B$1,$B$2,J$4))>0),"휴일","")) | M6: =IF(M$4="","",IF(OR(WEEKDAY(DATE($B$1,$B$2,M$4),2)>5,COUNTIF(공휴일!$A$2:$A$400,DATE($B$1,$B$2,M$4))>0),"휴일","")) | P6: =IF(P$4="","",IF(OR(WEEKDAY(DATE($B$1,$B$2,P$4),2)>5,COUNTIF(공휴일!$A$2:$A$400,DATE($B$1,$B$2,P$4))>0),"휴일","")) | S6: =IF(S$4="","",IF(OR(WEEKDAY(DATE($B$1,$B$2,S$4),2)>5,COUNTIF(공휴일!$A$2:$A$400,DATE($B$1,$B$2,S$4))>0),"휴일","")) | V6: =IF(V$4="","",IF(OR(WEEKDAY(DATE($B$1,$B$2,V$4),2)>5,COUNTIF(공휴일!$A$2:$A$400,DATE($B$1,$B$2,V$4))>0),"휴일","")) | Y6: =IF(Y$4="","",IF(OR(WEEKDAY(DATE($B$1,$B$2,Y$4),2)>5,COUNTIF(공휴일!$A$2:$A$400,DATE($B$1,$B$2,Y$4))>0),"휴일","")) | AB6: =IF(AB$4="","",IF(OR(WEEKDAY(DATE($B$1,$B$2,AB$4),2)>5,COUNTIF(공휴일!$A$2:$A$400,DATE($B$1,$B$2,AB$4))>0),"휴일","")) | AE6: =IF(AE$4="","",IF(OR(WEEKDAY(DATE($B$1,$B$2,AE$4),2)>5,COUNTIF(공휴일!$A$2:$A$400,DATE($B$1,$B$2,AE$4))>0),"휴일","")) | AH6: =IF(AH$4="","",IF(OR(WEEKDAY(DATE($B$1,$B$2,AH$4),2)>5,COUNTIF(공휴일!$A$2:$A$400,DATE($B$1,$B$2,AH$4))>0),"휴일","")) | AK6: =IF(AK$4="","",IF(OR(WEEKDAY(DATE($B$1,$B$2,AK$4),2)>5,COUNTIF(공휴일!$A$2:$A$400,DATE($B$1,$B$2,AK$4))>0),"휴일","")) | AN6: =IF(AN$4="","",IF(OR(WEEKDAY(DATE($B$1,$B$2,AN$4),2)>5,COUNTIF(공휴일!$A$2:$A$400,DATE($B$1,$B$2,AN$4))>0),"휴일","")) | AQ6: =IF(AQ$4="","",IF(OR(WEEKDAY(DATE($B$1,$B$2,AQ$4),2)>5,COUNTIF(공휴일!$A$2:$A$400,DATE($B$1,$B$2,AQ$4))>0),"휴일","")) | AT6: =IF(AT$4="","",IF(OR(WEEKDAY(DATE($B$1,$B$2,AT$4),2)>5,COUNTIF(공휴일!$A$2:$A$400,DATE($B$1,$B$2,AT$4))>0),"휴일","")) | AW6: =IF(AW$4="","",IF(OR(WEEKDAY(DATE($B$1,$B$2,AW$4),2)>5,COUNTIF(공휴일!$A$2:$A$400,DATE($B$1,$B$2,AW$4))>0),"휴일","")) | AZ6: =IF(AZ$4="","",IF(OR(WEEKDAY(DATE($B$1,$B$2,AZ$4),2)>5,COUNTIF(공휴일!$A$2:$A$400,DATE($B$1,$B$2,AZ$4))>0),"휴일","")) | BC6: =IF(BC$4="","",IF(OR(WEEKDAY(DATE($B$1,$B$2,BC$4),2)>5,COUNTIF(공휴일!$A$2:$A$400,DATE($B$1,$B$2,BC$4))>0),"휴일","")) | BF6: =IF(BF$4="","",IF(OR(WEEKDAY(DATE($B$1,$B$2,BF$4),2)>5,COUNTIF(공휴일!$A$2:$A$400,DATE($B$1,$B$2,BF$4))>0),"휴일","")) | BI6: =IF(BI$4="","",IF(OR(WEEKDAY(DATE($B$1,$B$2,BI$4),2)>5,COUNTIF(공휴일!$A$2:$A$400,DATE($B$1,$B$2,BI$4))>0),"휴일","")) | BL6: =IF(BL$4="","",IF(OR(WEEKDAY(DATE($B$1,$B$2,BL$4),2)>5,COUNTIF(공휴일!$A$2:$A$400,DATE($B$1,$B$2,BL$4))>0),"휴일","")) | BO6: =IF(BO$4="","",IF(OR(WEEKDAY(DATE($B$1,$B$2,BO$4),2)>5,COUNTIF(공휴일!$A$2:$A$400,DATE($B$1,$B$2,BO$4))>0),"휴일","")) | BR6: =IF(BR$4="","",IF(OR(WEEKDAY(DATE($B$1,$B$2,BR$4),2)>5,COUNTIF(공휴일!$A$2:$A$400,DATE($B$1,$B$2,BR$4))>0),"휴일","")) | BU6: =IF(BU$4="","",IF(OR(WEEKDAY(DATE($B$1,$B$2,BU$4),2)>5,COUNTIF(공휴일!$A$2:$A$400,DATE($B$1,$B$2,BU$4))>0),"휴일","")) | BX6: =IF(BX$4="","",IF(OR(WEEKDAY(DATE($B$1,$B$2,BX$4),2)>5,COUNTIF(공휴일!$A$2:$A$400,DATE($B$1,$B$2,BX$4))>0),"휴일","")) | CA6: =IF(CA$4="","",IF(OR(WEEKDAY(DATE($B$1,$B$2,CA$4),2)>5,COUNTIF(공휴일!$A$2:$A$400,DATE($B$1,$B$2,CA$4))>0),"휴일","")) | CD6: =IF(CD$4="","",IF(OR(WEEKDAY(DATE($B$1,$B$2,CD$4),2)>5,COUNTIF(공휴일!$A$2:$A$400,DATE($B$1,$B$2,CD$4))>0),"휴일","")) | CG6: =IF(CG$4="","",IF(OR(WEEKDAY(DATE($B$1,$B$2,CG$4),2)>5,COUNTIF(공휴일!$A$2:$A$400,DATE($B$1,$B$2,CG$4))>0),"휴일","")) | CJ6: =IF(CJ$4="","",IF(OR(WEEKDAY(DATE($B$1,$B$2,CJ$4),2)>5,COUNTIF(공휴일!$A$2:$A$400,DATE($B$1,$B$2,CJ$4))>0),"휴일","")) | CM6: =IF(CM$4="","",IF(OR(WEEKDAY(DATE($B$1,$B$2,CM$4),2)>5,COUNTIF(공휴일!$A$2:$A$400,DATE($B$1,$B$2,CM$4))>0),"휴일","")) | CP6: =IF(CP$4="","",IF(OR(WEEKDAY(DATE($B$1,$B$2,CP$4),2)>5,COUNTIF(공휴일!$A$2:$A$400,DATE($B$1,$B$2,CP$4))>0),"휴일",""))
A7: 이름 | B7: 파트 | C7: 그룹 | D7: 유형 | E7: 출근 | F7: 퇴근 | G7: 유형 | H7: 출근 | I7: 퇴근 | J7: 유형 | K7: 출근 | L7: 퇴근 | M7: 유형 | N7: 출근 | O7: 퇴근 | P7: 유형 | Q7: 출근 | R7: 퇴근 | S7: 유형 | T7: 출근 | U7: 퇴근 | V7: 유형 | W7: 출근 | X7: 퇴근 | Y7: 유형 | Z7: 출근 | AA7: 퇴근 | AB7: 유형 | AC7: 출근 | AD7: 퇴근 | AE7: 유형 | AF7: 출근 | AG7: 퇴근 | AH7: 유형 | AI7: 출근 | AJ7: 퇴근 | AK7: 유형 | AL7: 출근 | AM7: 퇴근 | AN7: 유형 | AO7: 출근 | AP7: 퇴근 | AQ7: 유형 | AR7: 출근 | AS7: 퇴근 | AT7: 유형 | AU7: 출근 | AV7: 퇴근 | AW7: 유형 | AX7: 출근 | AY7: 퇴근 | AZ7: 유형 | BA7: 출근 | BB7: 퇴근 | BC7: 유형 | BD7: 출근 | BE7: 퇴근 | BF7: 유형 | BG7: 출근 | BH7: 퇴근 | BI7: 유형 | BJ7: 출근 | BK7: 퇴근 | BL7: 유형 | BM7: 출근 | BN7: 퇴근 | BO7: 유형 | BP7: 출근 | BQ7: 퇴근 | BR7: 유형 | BS7: 출근 | BT7: 퇴근 | BU7: 유형 | BV7: 출근 | BW7: 퇴근 | BX7: 유형 | BY7: 출근 | BZ7: 퇴근 | CA7: 유형 | CB7: 출근 | CC7: 퇴근 | CD7: 유형 | CE7: 출근 | CF7: 퇴근 | CG7: 유형 | CH7: 출근 | CI7: 퇴근 | CJ7: 유형 | CK7: 출근 | CL7: 퇴근 | CM7: 유형 | CN7: 출근 | CO7: 퇴근 | CP7: 유형 | CQ7: 출근 | CR7: 퇴근
A8: =IF(명부!A2="","",명부!A2) | B8: =IF(명부!C2="","",명부!C2) | C8: =IF(명부!E2="","",명부!E2)
A9: =IF(명부!A3="","",명부!A3) | B9: =IF(명부!C3="","",명부!C3) | C9: =IF(명부!E3="","",명부!E3)
A10: =IF(명부!A4="","",명부!A4) | B10: =IF(명부!C4="","",명부!C4) | C10: =IF(명부!E4="","",명부!E4)
A11: =IF(명부!A5="","",명부!A5) | B11: =IF(명부!C5="","",명부!C5) | C11: =IF(명부!E5="","",명부!E5)
A12: =IF(명부!A6="","",명부!A6) | B12: =IF(명부!C6="","",명부!C6) | C12: =IF(명부!E6="","",명부!E6)
A13: =IF(명부!A7="","",명부!A7) | B13: =IF(명부!C7="","",명부!C7) | C13: =IF(명부!E7="","",명부!E7)
A14: =IF(명부!A8="","",명부!A8) | B14: =IF(명부!C8="","",명부!C8) | C14: =IF(명부!E8="","",명부!E8)
A15: =IF(명부!A9="","",명부!A9) | B15: =IF(명부!C9="","",명부!C9) | C15: =IF(명부!E9="","",명부!E9)
A16: =IF(명부!A10="","",명부!A10) | B16: =IF(명부!C10="","",명부!C10) | C16: =IF(명부!E10="","",명부!E10)
A17: =IF(명부!A11="","",명부!A11) | B17: =IF(명부!C11="","",명부!C11) | C17: =IF(명부!E11="","",명부!E11)
A18: =IF(명부!A12="","",명부!A12) | B18: =IF(명부!C12="","",명부!C12) | C18: =IF(명부!E12="","",명부!E12)
A19: =IF(명부!A13="","",명부!A13) | B19: =IF(명부!C13="","",명부!C13) | C19: =IF(명부!E13="","",명부!E13)
... A31: =IF(명부!A25="","",명부!A25) | B31: =IF(명부!C25="","",명부!C25) | C31: =IF(명부!E25="","",명부!E25)
A33: 8시간 인원 | D33: =IF(D$6="휴일","",SUMPRODUCT((명부!$F$2:$F$25<>"Y")*(시간!$D$92:$D$115))) | G33: =IF(G$6="휴일","",SUMPRODUCT((명부!$F$2:$F$25<>"Y")*(시간!$E$92:$E$115))) | J33: =IF(J$6="휴일","",SUMPRODUCT((명부!$F$2:$F$25<>"Y")*(시간!$F$92:$F$115))) | M33: =IF(M$6="휴일","",SUMPRODUCT((명부!$F$2:$F$25<>"Y")*(시간!$G$92:$G$115))) | P33: =IF(P$6="휴일","",SUMPRODUCT((명부!$F$2:$F$25<>"Y")*(시간!$H$92:$H$115))) | S33: =IF(S$6="휴일","",SUMPRODUCT((명부!$F$2:$F$25<>"Y")*(시간!$I$92:$I$115))) | V33: =IF(V$6="휴일","",SUMPRODUCT((명부!$F$2:$F$25<>"Y")*(시간!$J$92:$J$115))) | Y33: =IF(Y$6="휴일","",SUMPRODUCT((명부!$F$2:$F$25<>"Y")*(시간!$K$92:$K$115))) | AB33: =IF(AB$6="휴일","",SUMPRODUCT((명부!$F$2:$F$25<>"Y")*(시간!$L$92:$L$115))) | AE33: =IF(AE$6="휴일","",SUMPRODUCT((명부!$F$2:$F$25<>"Y")*(시간!$M$92:$M$115))) | AH33: =IF(AH$6="휴일","",SUMPRODUCT((명부!$F$2:$F$25<>"Y")*(시간!$N$92:$N$115))) | AK33: =IF(AK$6="휴일","",SUMPRODUCT((명부!$F$2:$F$25<>"Y")*(시간!$O$92:$O$115))) | AN33: =IF(AN$6="휴일","",SUMPRODUCT((명부!$F$2:$F$25<>"Y")*(시간!$P$92:$P$115))) | AQ33: =IF(AQ$6="휴일","",SUMPRODUCT((명부!$F$2:$F$25<>"Y")*(시간!$Q$92:$Q$115))) | AT33: =IF(AT$6="휴일","",SUMPRODUCT((명부!$F$2:$F$25<>"Y")*(시간!$R$92:$R$115))) | AW33: =IF(AW$6="휴일","",SUMPRODUCT((명부!$F$2:$F$25<>"Y")*(시간!$S$92:$S$115))) | AZ33: =IF(AZ$6="휴일","",SUMPRODUCT((명부!$F$2:$F$25<>"Y")*(시간!$T$92:$T$115))) | BC33: =IF(BC$6="휴일","",SUMPRODUCT((명부!$F$2:$F$25<>"Y")*(시간!$U$92:$U$115))) | BF33: =IF(BF$6="휴일","",SUMPRODUCT((명부!$F$2:$F$25<>"Y")*(시간!$V$92:$V$115))) | BI33: =IF(BI$6="휴일","",SUMPRODUCT((명부!$F$2:$F$25<>"Y")*(시간!$W$92:$W$115))) | BL33: =IF(BL$6="휴일","",SUMPRODUCT((명부!$F$2:$F$25<>"Y")*(시간!$X$92:$X$115))) | BO33: =IF(BO$6="휴일","",SUMPRODUCT((명부!$F$2:$F$25<>"Y")*(시간!$Y$92:$Y$115))) | BR33: =IF(BR$6="휴일","",SUMPRODUCT((명부!$F$2:$F$25<>"Y")*(시간!$Z$92:$Z$115))) | BU33: =IF(BU$6="휴일","",SUMPRODUCT((명부!$F$2:$F$25<>"Y")*(시간!$AA$92:$AA$115))) | BX33: =IF(BX$6="휴일","",SUMPRODUCT((명부!$F$2:$F$25<>"Y")*(시간!$AB$92:$AB$115))) | CA33: =IF(CA$6="휴일","",SUMPRODUCT((명부!$F$2:$F$25<>"Y")*(시간!$AC$92:$AC$115))) | CD33: =IF(CD$6="휴일","",SUMPRODUCT((명부!$F$2:$F$25<>"Y")*(시간!$AD$92:$AD$115))) | CG33: =IF(CG$6="휴일","",SUMPRODUCT((명부!$F$2:$F$25<>"Y")*(시간!$AE$92:$AE$115))) | CJ33: =IF(CJ$6="휴일","",SUMPRODUCT((명부!$F$2:$F$25<>"Y")*(시간!$AF$92:$AF$115))) | CM33: =IF(CM$6="휴일","",SUMPRODUCT((명부!$F$2:$F$25<>"Y")*(시간!$AG$92:$AG$115))) | CP33: =IF(CP$6="휴일","",SUMPRODUCT((명부!$F$2:$F$25<>"Y")*(시간!$AH$92:$AH$115)))
A34: 필요 인원 (30%) | D34: =IF(D$6="휴일","",ROUNDUP(명부!$B$27*0.3,0)) | G34: =IF(G$6="휴일","",ROUNDUP(명부!$B$27*0.3,0)) | J34: =IF(J$6="휴일","",ROUNDUP(명부!$B$27*0.3,0)) | M34: =IF(M$6="휴일","",ROUNDUP(명부!$B$27*0.3,0)) | P34: =IF(P$6="휴일","",ROUNDUP(명부!$B$27*0.3,0)) | S34: =IF(S$6="휴일","",ROUNDUP(명부!$B$27*0.3,0)) | V34: =IF(V$6="휴일","",ROUNDUP(명부!$B$27*0.3,0)) | Y34: =IF(Y$6="휴일","",ROUNDUP(명부!$B$27*0.3,0)) | AB34: =IF(AB$6="휴일","",ROUNDUP(명부!$B$27*0.3,0)) | AE34: =IF(AE$6="휴일","",ROUNDUP(명부!$B$27*0.3,0)) | AH34: =IF(AH$6="휴일","",ROUNDUP(명부!$B$27*0.3,0)) | AK34: =IF(AK$6="휴일","",ROUNDUP(명부!$B$27*0.3,0)) | AN34: =IF(AN$6="휴일","",ROUNDUP(명부!$B$27*0.3,0)) | AQ34: =IF(AQ$6="휴일","",ROUNDUP(명부!$B$27*0.3,0)) | AT34: =IF(AT$6="휴일","",ROUNDUP(명부!$B$27*0.3,0)) | AW34: =IF(AW$6="휴일","",ROUNDUP(명부!$B$27*0.3,0)) | AZ34: =IF(AZ$6="휴일","",ROUNDUP(명부!$B$27*0.3,0)) | BC34: =IF(BC$6="휴일","",ROUNDUP(명부!$B$27*0.3,0)) | BF34: =IF(BF$6="휴일","",ROUNDUP(명부!$B$27*0.3,0)) | BI34: =IF(BI$6="휴일","",ROUNDUP(명부!$B$27*0.3,0)) | BL34: =IF(BL$6="휴일","",ROUNDUP(명부!$B$27*0.3,0)) | BO34: =IF(BO$6="휴일","",ROUNDUP(명부!$B$27*0.3,0)) | BR34: =IF(BR$6="휴일","",ROUNDUP(명부!$B$27*0.3,0)) | BU34: =IF(BU$6="휴일","",ROUNDUP(명부!$B$27*0.3,0)) | BX34: =IF(BX$6="휴일","",ROUNDUP(명부!$B$27*0.3,0)) | CA34: =IF(CA$6="휴일","",ROUNDUP(명부!$B$27*0.3,0)) | CD34: =IF(CD$6="휴일","",ROUNDUP(명부!$B$27*0.3,0)) | CG34: =IF(CG$6="휴일","",ROUNDUP(명부!$B$27*0.3,0)) | CJ34: =IF(CJ$6="휴일","",ROUNDUP(명부!$B$27*0.3,0)) | CM34: =IF(CM$6="휴일","",ROUNDUP(명부!$B$27*0.3,0)) | CP34: =IF(CP$6="휴일","",ROUNDUP(명부!$B$27*0.3,0))
A35: 판정 | D35: =IF(D$6="휴일","",IF(D33>=D34,"충족","미달")) | G35: =IF(G$6="휴일","",IF(G33>=G34,"충족","미달")) | J35: =IF(J$6="휴일","",IF(J33>=J34,"충족","미달")) | M35: =IF(M$6="휴일","",IF(M33>=M34,"충족","미달")) | P35: =IF(P$6="휴일","",IF(P33>=P34,"충족","미달")) | S35: =IF(S$6="휴일","",IF(S33>=S34,"충족","미달")) | V35: =IF(V$6="휴일","",IF(V33>=V34,"충족","미달")) | Y35: =IF(Y$6="휴일","",IF(Y33>=Y34,"충족","미달")) | AB35: =IF(AB$6="휴일","",IF(AB33>=AB34,"충족","미달")) | AE35: =IF(AE$6="휴일","",IF(AE33>=AE34,"충족","미달")) | AH35: =IF(AH$6="휴일","",IF(AH33>=AH34,"충족","미달")) | AK35: =IF(AK$6="휴일","",IF(AK33>=AK34,"충족","미달")) | AN35: =IF(AN$6="휴일","",IF(AN33>=AN34,"충족","미달")) | AQ35: =IF(AQ$6="휴일","",IF(AQ33>=AQ34,"충족","미달")) | AT35: =IF(AT$6="휴일","",IF(AT33>=AT34,"충족","미달")) | AW35: =IF(AW$6="휴일","",IF(AW33>=AW34,"충족","미달")) | AZ35: =IF(AZ$6="휴일","",IF(AZ33>=AZ34,"충족","미달")) | BC35: =IF(BC$6="휴일","",IF(BC33>=BC34,"충족","미달")) | BF35: =IF(BF$6="휴일","",IF(BF33>=BF34,"충족","미달")) | BI35: =IF(BI$6="휴일","",IF(BI33>=BI34,"충족","미달")) | BL35: =IF(BL$6="휴일","",IF(BL33>=BL34,"충족","미달")) | BO35: =IF(BO$6="휴일","",IF(BO33>=BO34,"충족","미달")) | BR35: =IF(BR$6="휴일","",IF(BR33>=BR34,"충족","미달")) | BU35: =IF(BU$6="휴일","",IF(BU33>=BU34,"충족","미달")) | BX35: =IF(BX$6="휴일","",IF(BX33>=BX34,"충족","미달")) | CA35: =IF(CA$6="휴일","",IF(CA33>=CA34,"충족","미달")) | CD35: =IF(CD$6="휴일","",IF(CD33>=CD34,"충족","미달")) | CG35: =IF(CG$6="휴일","",IF(CG33>=CG34,"충족","미달")) | CJ35: =IF(CJ$6="휴일","",IF(CJ33>=CJ34,"충족","미달")) | CM35: =IF(CM$6="휴일","",IF(CM33>=CM34,"충족","미달")) | CP35: =IF(CP$6="휴일","",IF(CP33>=CP34,"충족","미달"))
A36: 직책자 8시간 | D36: =IF(D$6="휴일","",SUMPRODUCT((명부!$F$2:$F$7<>"Y")*(시간!$D$92:$D$97))) | G36: =IF(G$6="휴일","",SUMPRODUCT((명부!$F$2:$F$7<>"Y")*(시간!$E$92:$E$97))) | J36: =IF(J$6="휴일","",SUMPRODUCT((명부!$F$2:$F$7<>"Y")*(시간!$F$92:$F$97))) | M36: =IF(M$6="휴일","",SUMPRODUCT((명부!$F$2:$F$7<>"Y")*(시간!$G$92:$G$97))) | P36: =IF(P$6="휴일","",SUMPRODUCT((명부!$F$2:$F$7<>"Y")*(시간!$H$92:$H$97))) | S36: =IF(S$6="휴일","",SUMPRODUCT((명부!$F$2:$F$7<>"Y")*(시간!$I$92:$I$97))) | V36: =IF(V$6="휴일","",SUMPRODUCT((명부!$F$2:$F$7<>"Y")*(시간!$J$92:$J$97))) | Y36: =IF(Y$6="휴일","",SUMPRODUCT((명부!$F$2:$F$7<>"Y")*(시간!$K$92:$K$97))) | AB36: =IF(AB$6="휴일","",SUMPRODUCT((명부!$F$2:$F$7<>"Y")*(시간!$L$92:$L$97))) | AE36: =IF(AE$6="휴일","",SUMPRODUCT((명부!$F$2:$F$7<>"Y")*(시간!$M$92:$M$97))) | AH36: =IF(AH$6="휴일","",SUMPRODUCT((명부!$F$2:$F$7<>"Y")*(시간!$N$92:$N$97))) | AK36: =IF(AK$6="휴일","",SUMPRODUCT((명부!$F$2:$F$7<>"Y")*(시간!$O$92:$O$97))) | AN36: =IF(AN$6="휴일","",SUMPRODUCT((명부!$F$2:$F$7<>"Y")*(시간!$P$92:$P$97))) | AQ36: =IF(AQ$6="휴일","",SUMPRODUCT((명부!$F$2:$F$7<>"Y")*(시간!$Q$92:$Q$97))) | AT36: =IF(AT$6="휴일","",SUMPRODUCT((명부!$F$2:$F$7<>"Y")*(시간!$R$92:$R$97))) | AW36: =IF(AW$6="휴일","",SUMPRODUCT((명부!$F$2:$F$7<>"Y")*(시간!$S$92:$S$97))) | AZ36: =IF(AZ$6="휴일","",SUMPRODUCT((명부!$F$2:$F$7<>"Y")*(시간!$T$92:$T$97))) | BC36: =IF(BC$6="휴일","",SUMPRODUCT((명부!$F$2:$F$7<>"Y")*(시간!$U$92:$U$97))) | BF36: =IF(BF$6="휴일","",SUMPRODUCT((명부!$F$2:$F$7<>"Y")*(시간!$V$92:$V$97))) | BI36: =IF(BI$6="휴일","",SUMPRODUCT((명부!$F$2:$F$7<>"Y")*(시간!$W$92:$W$97))) | BL36: =IF(BL$6="휴일","",SUMPRODUCT((명부!$F$2:$F$7<>"Y")*(시간!$X$92:$X$97))) | BO36: =IF(BO$6="휴일","",SUMPRODUCT((명부!$F$2:$F$7<>"Y")*(시간!$Y$92:$Y$97))) | BR36: =IF(BR$6="휴일","",SUMPRODUCT((명부!$F$2:$F$7<>"Y")*(시간!$Z$92:$Z$97))) | BU36: =IF(BU$6="휴일","",SUMPRODUCT((명부!$F$2:$F$7<>"Y")*(시간!$AA$92:$AA$97))) | BX36: =IF(BX$6="휴일","",SUMPRODUCT((명부!$F$2:$F$7<>"Y")*(시간!$AB$92:$AB$97))) | CA36: =IF(CA$6="휴일","",SUMPRODUCT((명부!$F$2:$F$7<>"Y")*(시간!$AC$92:$AC$97))) | CD36: =IF(CD$6="휴일","",SUMPRODUCT((명부!$F$2:$F$7<>"Y")*(시간!$AD$92:$AD$97))) | CG36: =IF(CG$6="휴일","",SUMPRODUCT((명부!$F$2:$F$7<>"Y")*(시간!$AE$92:$AE$97))) | CJ36: =IF(CJ$6="휴일","",SUMPRODUCT((명부!$F$2:$F$7<>"Y")*(시간!$AF$92:$AF$97))) | CM36: =IF(CM$6="휴일","",SUMPRODUCT((명부!$F$2:$F$7<>"Y")*(시간!$AG$92:$AG$97))) | CP36: =IF(CP$6="휴일","",SUMPRODUCT((명부!$F$2:$F$7<>"Y")*(시간!$AH$92:$AH$97)))
A38: 판정이 「미달」인 날은 노랗게 강조된 칸이 조율 후보입니다 — 그 사람이 8시간 근무로 바꾸면 충족됩니다 (출장·교육·연차는 후보에서 제외). 빨간 칸은 규칙에 없는 조합이니 유형·출근·퇴근을 다시 고르세요.

Sheet OT
D1: OT — 날짜별 초과근로 시간
D2: 1시간 45분은 1.75 로 넣습니다 (분 단위 신청) · 월 합계와 잔여는 「개인요약」 시트에서 봅니다
A3: 주 | D3: =IF(D4="","",INT((D4-1+MOD(WEEKDAY(DATE(근태!$B$1,근태!$B$2,1))+5,7))/7)+1) | E3: =IF(E4="","",INT((E4-1+MOD(WEEKDAY(DATE(근태!$B$1,근태!$B$2,1))+5,7))/7)+1) | F3: =IF(F4="","",INT((F4-1+MOD(WEEKDAY(DATE(근태!$B$1,근태!$B$2,1))+5,7))/7)+1) | G3: =IF(G4="","",INT((G4-1+MOD(WEEKDAY(DATE(근태!$B$1,근태!$B$2,1))+5,7))/7)+1) | H3: =IF(H4="","",INT((H4-1+MOD(WEEKDAY(DATE(근태!$B$1,근태!$B$2,1))+5,7))/7)+1) | I3: =IF(I4="","",INT((I4-1+MOD(WEEKDAY(DATE(근태!$B$1,근태!$B$2,1))+5,7))/7)+1) | J3: =IF(J4="","",INT((J4-1+MOD(WEEKDAY(DATE(근태!$B$1,근태!$B$2,1))+5,7))/7)+1) | K3: =IF(K4="","",INT((K4-1+MOD(WEEKDAY(DATE(근태!$B$1,근태!$B$2,1))+5,7))/7)+1) | ... AH3: =IF(AH4="","",INT((AH4-1+MOD(WEEKDAY(DATE(근태!$B$1,근태!$B$2,1))+5,7))/7)+1)
D4: =IF(MONTH(DATE(근태!$B$1,근태!$B$2,1))<>근태!$B$2,"",1) | E4: =IF(MONTH(DATE(근태!$B$1,근태!$B$2,2))<>근태!$B$2,"",2) | F4: =IF(MONTH(DATE(근태!$B$1,근태!$B$2,3))<>근태!$B$2,"",3) | G4: =IF(MONTH(DATE(근태!$B$1,근태!$B$2,4))<>근태!$B$2,"",4) | H4: =IF(MONTH(DATE(근태!$B$1,근태!$B$2,5))<>근태!$B$2,"",5) | I4: =IF(MONTH(DATE(근태!$B$1,근태!$B$2,6))<>근태!$B$2,"",6) | J4: =IF(MONTH(DATE(근태!$B$1,근태!$B$2,7))<>근태!$B$2,"",7) | K4: =IF(MONTH(DATE(근태!$B$1,근태!$B$2,8))<>근태!$B$2,"",8) | L4: =IF(MONTH(DATE(근태!$B$1,근태!$B$2,9))<>근태!$B$2,"",9) | M4: =IF(MONTH(DATE(근태!$B$1,근태!$B$2,10))<>근태!$B$2,"",10) | N4: =IF(MONTH(DATE(근태!$B$1,근태!$B$2,11))<>근태!$B$2,"",11) | O4: =IF(MONTH(DATE(근태!$B$1,근태!$B$2,12))<>근태!$B$2,"",12) | P4: =IF(MONTH(DATE(근태!$B$1,근태!$B$2,13))<>근태!$B$2,"",13) | Q4: =IF(MONTH(DATE(근태!$B$1,근태!$B$2,14))<>근태!$B$2,"",14) | R4: =IF(MONTH(DATE(근태!$B$1,근태!$B$2,15))<>근태!$B$2,"",15) | S4: =IF(MONTH(DATE(근태!$B$1,근태!$B$2,16))<>근태!$B$2,"",16) | T4: =IF(MONTH(DATE(근태!$B$1,근태!$B$2,17))<>근태!$B$2,"",17) | U4: =IF(MONTH(DATE(근태!$B$1,근태!$B$2,18))<>근태!$B$2,"",18) | V4: =IF(MONTH(DATE(근태!$B$1,근태!$B$2,19))<>근태!$B$2,"",19) | W4: =IF(MONTH(DATE(근태!$B$1,근태!$B$2,20))<>근태!$B$2,"",20) | X4: =IF(MONTH(DATE(근태!$B$1,근태!$B$2,21))<>근태!$B$2,"",21) | Y4: =IF(MONTH(DATE(근태!$B$1,근태!$B$2,22))<>근태!$B$2,"",22) | Z4: =IF(MONTH(DATE(근태!$B$1,근태!$B$2,23))<>근태!$B$2,"",23) | AA4: =IF(MONTH(DATE(근태!$B$1,근태!$B$2,24))<>근태!$B$2,"",24) | AB4: =IF(MONTH(DATE(근태!$B$1,근태!$B$2,25))<>근태!$B$2,"",25) | AC4: =IF(MONTH(DATE(근태!$B$1,근태!$B$2,26))<>근태!$B$2,"",26) | AD4: =IF(MONTH(DATE(근태!$B$1,근태!$B$2,27))<>근태!$B$2,"",27) | AE4: =IF(MONTH(DATE(근태!$B$1,근태!$B$2,28))<>근태!$B$2,"",28) | AF4: =IF(MONTH(DATE(근태!$B$1,근태!$B$2,29))<>근태!$B$2,"",29) | AG4: =IF(MONTH(DATE(근태!$B$1,근태!$B$2,30))<>근태!$B$2,"",30) | AH4: =IF(MONTH(DATE(근태!$B$1,근태!$B$2,31))<>근태!$B$2,"",31)
D5: =IF(D$4="","",INDEX(코드!$M$2:$M$8,WEEKDAY(DATE(근태!$B$1,근태!$B$2,D$4)))) | E5: =IF(E$4="","",INDEX(코드!$M$2:$M$8,WEEKDAY(DATE(근태!$B$1,근태!$B$2,E$4)))) | F5: =IF(F$4="","",INDEX(코드!$M$2:$M$8,WEEKDAY(DATE(근태!$B$1,근태!$B$2,F$4)))) | G5: =IF(G$4="","",INDEX(코드!$M$2:$M$8,WEEKDAY(DATE(근태!$B$1,근태!$B$2,G$4)))) | H5: =IF(H$4="","",INDEX(코드!$M$2:$M$8,WEEKDAY(DATE(근태!$B$1,근태!$B$2,H$4)))) | I5: =IF(I$4="","",INDEX(코드!$M$2:$M$8,WEEKDAY(DATE(근태!$B$1,근태!$B$2,I$4)))) | J5: =IF(J$4="","",INDEX(코드!$M$2:$M$8,WEEKDAY(DATE(근태!$B$1,근태!$B$2,J$4)))) | K5: =IF(K$4="","",INDEX(코드!$M$2:$M$8,WEEKDAY(DATE(근태!$B$1,근태!$B$2,K$4)))) | ... AH5: =IF(AH$4="","",INDEX(코드!$M$2:$M$8,WEEKDAY(DATE(근태!$B$1,근태!$B$2,AH$4))))
D6: =IF(D$4="","",IF(OR(WEEKDAY(DATE(근태!$B$1,근태!$B$2,D$4),2)>5,COUNTIF(공휴일!$A$2:$A$400,DATE(근태!$B$1,근태!$B$2,D$4))>0),"휴일","")) | E6: =IF(E$4="","",IF(OR(WEEKDAY(DATE(근태!$B$1,근태!$B$2,E$4),2)>5,COUNTIF(공휴일!$A$2:$A$400,DATE(근태!$B$1,근태!$B$2,E$4))>0),"휴일","")) | F6: =IF(F$4="","",IF(OR(WEEKDAY(DATE(근태!$B$1,근태!$B$2,F$4),2)>5,COUNTIF(공휴일!$A$2:$A$400,DATE(근태!$B$1,근태!$B$2,F$4))>0),"휴일","")) | G6: =IF(G$4="","",IF(OR(WEEKDAY(DATE(근태!$B$1,근태!$B$2,G$4),2)>5,COUNTIF(공휴일!$A$2:$A$400,DATE(근태!$B$1,근태!$B$2,G$4))>0),"휴일","")) | H6: =IF(H$4="","",IF(OR(WEEKDAY(DATE(근태!$B$1,근태!$B$2,H$4),2)>5,COUNTIF(공휴일!$A$2:$A$400,DATE(근태!$B$1,근태!$B$2,H$4))>0),"휴일","")) | I6: =IF(I$4="","",IF(OR(WEEKDAY(DATE(근태!$B$1,근태!$B$2,I$4),2)>5,COUNTIF(공휴일!$A$2:$A$400,DATE(근태!$B$1,근태!$B$2,I$4))>0),"휴일","")) | J6: =IF(J$4="","",IF(OR(WEEKDAY(DATE(근태!$B$1,근태!$B$2,J$4),2)>5,COUNTIF(공휴일!$A$2:$A$400,DATE(근태!$B$1,근태!$B$2,J$4))>0),"휴일","")) | K6: =IF(K$4="","",IF(OR(WEEKDAY(DATE(근태!$B$1,근태!$B$2,K$4),2)>5,COUNTIF(공휴일!$A$2:$A$400,DATE(근태!$B$1,근태!$B$2,K$4))>0),"휴일","")) | ... AH6: =IF(AH$4="","",IF(OR(WEEKDAY(DATE(근태!$B$1,근태!$B$2,AH$4),2)>5,COUNTIF(공휴일!$A$2:$A$400,DATE(근태!$B$1,근태!$B$2,AH$4))>0),"휴일",""))
A7: 이름 | B7: 파트 | C7: 그룹
A8: =IF(명부!A2="","",명부!A2) | B8: =IF(명부!C2="","",명부!C2) | C8: =IF(명부!E2="","",명부!E2)
A9: =IF(명부!A3="","",명부!A3) | B9: =IF(명부!C3="","",명부!C3) | C9: =IF(명부!E3="","",명부!E3)
A10: =IF(명부!A4="","",명부!A4) | B10: =IF(명부!C4="","",명부!C4) | C10: =IF(명부!E4="","",명부!E4)
A11: =IF(명부!A5="","",명부!A5) | B11: =IF(명부!C5="","",명부!C5) | C11: =IF(명부!E5="","",명부!E5)
A12: =IF(명부!A6="","",명부!A6) | B12: =IF(명부!C6="","",명부!C6) | C12: =IF(명부!E6="","",명부!E6)
A13: =IF(명부!A7="","",명부!A7) | B13: =IF(명부!C7="","",명부!C7) | C13: =IF(명부!E7="","",명부!E7)
A14: =IF(명부!A8="","",명부!A8) | B14: =IF(명부!C8="","",명부!C8) | C14: =IF(명부!E8="","",명부!E8)
A15: =IF(명부!A9="","",명부!A9) | B15: =IF(명부!C9="","",명부!C9) | C15: =IF(명부!E9="","",명부!E9)
A16: =IF(명부!A10="","",명부!A10) | B16: =IF(명부!C10="","",명부!C10) | C16: =IF(명부!E10="","",명부!E10)
A17: =IF(명부!A11="","",명부!A11) | B17: =IF(명부!C11="","",명부!C11) | C17: =IF(명부!E11="","",명부!E11)
A18: =IF(명부!A12="","",명부!A12) | B18: =IF(명부!C12="","",명부!C12) | C18: =IF(명부!E12="","",명부!E12)
A19: =IF(명부!A13="","",명부!A13) | B19: =IF(명부!C13="","",명부!C13) | C19: =IF(명부!E13="","",명부!E13)
... A31: =IF(명부!A25="","",명부!A25) | B31: =IF(명부!C25="","",명부!C25) | C31: =IF(명부!E25="","",명부!E25)
A34: 선택근로 시간과 OT 시간은 나눠서 관리합니다. 자정을 넘긴 OT 도 시간만 합쳐서 넣으면 됩니다.

Sheet 개인요약
A1: 개인요약 — 월 총량 · OT 잔여 · 주별 근로시간
A2: 「근태」 시트의 연·월을 따릅니다. 노란 칸(OT 기본 가능시간)만 직접 넣으세요 — 휴가를 쓰면 그 시간만큼 OT 한도가 자동으로 늘어납니다.
A7: 이름 | B7: 파트 | C7: 그룹 | D7: 소정근로일 | E7: 기본 총량 | F7: 휴가 | G7: 조정 총량 | H7: 실근로 | I7: 총량 대비 | J7: OT 합계 | K7: OT 기본 | L7: OT 한도 | M7: OT 잔여 | N7: 8시간 일수 | O7: 1주 | P7: 2주 | Q7: 3주 | R7: 4주 | S7: 5주 | T7: 6주 | U7: 최대 주 | V7: 주 64h
A8: =IF(명부!A2="","",명부!A2) | B8: =IF(명부!C2="","",명부!C2) | C8: =IF(명부!E2="","",명부!E2) | D8: =SUMPRODUCT((시간!$D$4:$AH$4<>"")*(시간!$D$6:$AH$6="")) | E8: =D8*8 | F8: =SUM(시간!$D$64:$AH$64) | G8: =E8-F8 | H8: =SUM(시간!$D$36:$AH$36) | I8: =H8-G8 | J8: =SUM(OT!$D$8:$AH$8) | L8: =K8+F8 | M8: =L8-J8 | N8: =SUM(시간!$D$92:$AH$92) | O8: =SUMPRODUCT((시간!$D$3:$AH$3=1)*(시간!$D$36:$AH$36))+SUMPRODUCT((시간!$D$3:$AH$3=1)*(OT!$D$8:$AH$8)) | P8: =SUMPRODUCT((시간!$D$3:$AH$3=2)*(시간!$D$36:$AH$36))+SUMPRODUCT((시간!$D$3:$AH$3=2)*(OT!$D$8:$AH$8)) | Q8: =SUMPRODUCT((시간!$D$3:$AH$3=3)*(시간!$D$36:$AH$36))+SUMPRODUCT((시간!$D$3:$AH$3=3)*(OT!$D$8:$AH$8)) | R8: =SUMPRODUCT((시간!$D$3:$AH$3=4)*(시간!$D$36:$AH$36))+SUMPRODUCT((시간!$D$3:$AH$3=4)*(OT!$D$8:$AH$8)) | S8: =SUMPRODUCT((시간!$D$3:$AH$3=5)*(시간!$D$36:$AH$36))+SUMPRODUCT((시간!$D$3:$AH$3=5)*(OT!$D$8:$AH$8)) | T8: =SUMPRODUCT((시간!$D$3:$AH$3=6)*(시간!$D$36:$AH$36))+SUMPRODUCT((시간!$D$3:$AH$3=6)*(OT!$D$8:$AH$8)) | U8: =MAX(O8:T8) | V8: =IF(U8>64,"초과","적합")
A9: =IF(명부!A3="","",명부!A3) | B9: =IF(명부!C3="","",명부!C3) | C9: =IF(명부!E3="","",명부!E3) | D9: =SUMPRODUCT((시간!$D$4:$AH$4<>"")*(시간!$D$6:$AH$6="")) | E9: =D9*8 | F9: =SUM(시간!$D$65:$AH$65) | G9: =E9-F9 | H9: =SUM(시간!$D$37:$AH$37) | I9: =H9-G9 | J9: =SUM(OT!$D$9:$AH$9) | L9: =K9+F9 | M9: =L9-J9 | N9: =SUM(시간!$D$93:$AH$93) | O9: =SUMPRODUCT((시간!$D$3:$AH$3=1)*(시간!$D$37:$AH$37))+SUMPRODUCT((시간!$D$3:$AH$3=1)*(OT!$D$9:$AH$9)) | P9: =SUMPRODUCT((시간!$D$3:$AH$3=2)*(시간!$D$37:$AH$37))+SUMPRODUCT((시간!$D$3:$AH$3=2)*(OT!$D$9:$AH$9)) | Q9: =SUMPRODUCT((시간!$D$3:$AH$3=3)*(시간!$D$37:$AH$37))+SUMPRODUCT((시간!$D$3:$AH$3=3)*(OT!$D$9:$AH$9)) | R9: =SUMPRODUCT((시간!$D$3:$AH$3=4)*(시간!$D$37:$AH$37))+SUMPRODUCT((시간!$D$3:$AH$3=4)*(OT!$D$9:$AH$9)) | S9: =SUMPRODUCT((시간!$D$3:$AH$3=5)*(시간!$D$37:$AH$37))+SUMPRODUCT((시간!$D$3:$AH$3=5)*(OT!$D$9:$AH$9)) | T9: =SUMPRODUCT((시간!$D$3:$AH$3=6)*(시간!$D$37:$AH$37))+SUMPRODUCT((시간!$D$3:$AH$3=6)*(OT!$D$9:$AH$9)) | U9: =MAX(O9:T9) | V9: =IF(U9>64,"초과","적합")
A10: =IF(명부!A4="","",명부!A4) | B10: =IF(명부!C4="","",명부!C4) | C10: =IF(명부!E4="","",명부!E4) | D10: =SUMPRODUCT((시간!$D$4:$AH$4<>"")*(시간!$D$6:$AH$6="")) | E10: =D10*8 | F10: =SUM(시간!$D$66:$AH$66) | G10: =E10-F10 | H10: =SUM(시간!$D$38:$AH$38) | I10: =H10-G10 | J10: =SUM(OT!$D$10:$AH$10) | L10: =K10+F10 | M10: =L10-J10 | N10: =SUM(시간!$D$94:$AH$94) | O10: =SUMPRODUCT((시간!$D$3:$AH$3=1)*(시간!$D$38:$AH$38))+SUMPRODUCT((시간!$D$3:$AH$3=1)*(OT!$D$10:$AH$10)) | P10: =SUMPRODUCT((시간!$D$3:$AH$3=2)*(시간!$D$38:$AH$38))+SUMPRODUCT((시간!$D$3:$AH$3=2)*(OT!$D$10:$AH$10)) | Q10: =SUMPRODUCT((시간!$D$3:$AH$3=3)*(시간!$D$38:$AH$38))+SUMPRODUCT((시간!$D$3:$AH$3=3)*(OT!$D$10:$AH$10)) | R10: =SUMPRODUCT((시간!$D$3:$AH$3=4)*(시간!$D$38:$AH$38))+SUMPRODUCT((시간!$D$3:$AH$3=4)*(OT!$D$10:$AH$10)) | S10: =SUMPRODUCT((시간!$D$3:$AH$3=5)*(시간!$D$38:$AH$38))+SUMPRODUCT((시간!$D$3:$AH$3=5)*(OT!$D$10:$AH$10)) | T10: =SUMPRODUCT((시간!$D$3:$AH$3=6)*(시간!$D$38:$AH$38))+SUMPRODUCT((시간!$D$3:$AH$3=6)*(OT!$D$10:$AH$10)) | U10: =MAX(O10:T10) | V10: =IF(U10>64,"초과","적합")
A11: =IF(명부!A5="","",명부!A5) | B11: =IF(명부!C5="","",명부!C5) | C11: =IF(명부!E5="","",명부!E5) | D11: =SUMPRODUCT((시간!$D$4:$AH$4<>"")*(시간!$D$6:$AH$6="")) | E11: =D11*8 | F11: =SUM(시간!$D$67:$AH$67) | G11: =E11-F11 | H11: =SUM(시간!$D$39:$AH$39) | I11: =H11-G11 | J11: =SUM(OT!$D$11:$AH$11) | L11: =K11+F11 | M11: =L11-J11 | N11: =SUM(시간!$D$95:$AH$95) | O11: =SUMPRODUCT((시간!$D$3:$AH$3=1)*(시간!$D$39:$AH$39))+SUMPRODUCT((시간!$D$3:$AH$3=1)*(OT!$D$11:$AH$11)) | P11: =SUMPRODUCT((시간!$D$3:$AH$3=2)*(시간!$D$39:$AH$39))+SUMPRODUCT((시간!$D$3:$AH$3=2)*(OT!$D$11:$AH$11)) | Q11: =SUMPRODUCT((시간!$D$3:$AH$3=3)*(시간!$D$39:$AH$39))+SUMPRODUCT((시간!$D$3:$AH$3=3)*(OT!$D$11:$AH$11)) | R11: =SUMPRODUCT((시간!$D$3:$AH$3=4)*(시간!$D$39:$AH$39))+SUMPRODUCT((시간!$D$3:$AH$3=4)*(OT!$D$11:$AH$11)) | S11: =SUMPRODUCT((시간!$D$3:$AH$3=5)*(시간!$D$39:$AH$39))+SUMPRODUCT((시간!$D$3:$AH$3=5)*(OT!$D$11:$AH$11)) | T11: =SUMPRODUCT((시간!$D$3:$AH$3=6)*(시간!$D$39:$AH$39))+SUMPRODUCT((시간!$D$3:$AH$3=6)*(OT!$D$11:$AH$11)) | U11: =MAX(O11:T11) | V11: =IF(U11>64,"초과","적합")
A12: =IF(명부!A6="","",명부!A6) | B12: =IF(명부!C6="","",명부!C6) | C12: =IF(명부!E6="","",명부!E6) | D12: =SUMPRODUCT((시간!$D$4:$AH$4<>"")*(시간!$D$6:$AH$6="")) | E12: =D12*8 | F12: =SUM(시간!$D$68:$AH$68) | G12: =E12-F12 | H12: =SUM(시간!$D$40:$AH$40) | I12: =H12-G12 | J12: =SUM(OT!$D$12:$AH$12) | L12: =K12+F12 | M12: =L12-J12 | N12: =SUM(시간!$D$96:$AH$96) | O12: =SUMPRODUCT((시간!$D$3:$AH$3=1)*(시간!$D$40:$AH$40))+SUMPRODUCT((시간!$D$3:$AH$3=1)*(OT!$D$12:$AH$12)) | P12: =SUMPRODUCT((시간!$D$3:$AH$3=2)*(시간!$D$40:$AH$40))+SUMPRODUCT((시간!$D$3:$AH$3=2)*(OT!$D$12:$AH$12)) | Q12: =SUMPRODUCT((시간!$D$3:$AH$3=3)*(시간!$D$40:$AH$40))+SUMPRODUCT((시간!$D$3:$AH$3=3)*(OT!$D$12:$AH$12)) | R12: =SUMPRODUCT((시간!$D$3:$AH$3=4)*(시간!$D$40:$AH$40))+SUMPRODUCT((시간!$D$3:$AH$3=4)*(OT!$D$12:$AH$12)) | S12: =SUMPRODUCT((시간!$D$3:$AH$3=5)*(시간!$D$40:$AH$40))+SUMPRODUCT((시간!$D$3:$AH$3=5)*(OT!$D$12:$AH$12)) | T12: =SUMPRODUCT((시간!$D$3:$AH$3=6)*(시간!$D$40:$AH$40))+SUMPRODUCT((시간!$D$3:$AH$3=6)*(OT!$D$12:$AH$12)) | U12: =MAX(O12:T12) | V12: =IF(U12>64,"초과","적합")
A13: =IF(명부!A7="","",명부!A7) | B13: =IF(명부!C7="","",명부!C7) | C13: =IF(명부!E7="","",명부!E7) | D13: =SUMPRODUCT((시간!$D$4:$AH$4<>"")*(시간!$D$6:$AH$6="")) | E13: =D13*8 | F13: =SUM(시간!$D$69:$AH$69) | G13: =E13-F13 | H13: =SUM(시간!$D$41:$AH$41) | I13: =H13-G13 | J13: =SUM(OT!$D$13:$AH$13) | L13: =K13+F13 | M13: =L13-J13 | N13: =SUM(시간!$D$97:$AH$97) | O13: =SUMPRODUCT((시간!$D$3:$AH$3=1)*(시간!$D$41:$AH$41))+SUMPRODUCT((시간!$D$3:$AH$3=1)*(OT!$D$13:$AH$13)) | P13: =SUMPRODUCT((시간!$D$3:$AH$3=2)*(시간!$D$41:$AH$41))+SUMPRODUCT((시간!$D$3:$AH$3=2)*(OT!$D$13:$AH$13)) | Q13: =SUMPRODUCT((시간!$D$3:$AH$3=3)*(시간!$D$41:$AH$41))+SUMPRODUCT((시간!$D$3:$AH$3=3)*(OT!$D$13:$AH$13)) | R13: =SUMPRODUCT((시간!$D$3:$AH$3=4)*(시간!$D$41:$AH$41))+SUMPRODUCT((시간!$D$3:$AH$3=4)*(OT!$D$13:$AH$13)) | S13: =SUMPRODUCT((시간!$D$3:$AH$3=5)*(시간!$D$41:$AH$41))+SUMPRODUCT((시간!$D$3:$AH$3=5)*(OT!$D$13:$AH$13)) | T13: =SUMPRODUCT((시간!$D$3:$AH$3=6)*(시간!$D$41:$AH$41))+SUMPRODUCT((시간!$D$3:$AH$3=6)*(OT!$D$13:$AH$13)) | U13: =MAX(O13:T13) | V13: =IF(U13>64,"초과","적합")
A14: =IF(명부!A8="","",명부!A8) | B14: =IF(명부!C8="","",명부!C8) | C14: =IF(명부!E8="","",명부!E8) | D14: =SUMPRODUCT((시간!$D$4:$AH$4<>"")*(시간!$D$6:$AH$6="")) | E14: =D14*8 | F14: =SUM(시간!$D$70:$AH$70) | G14: =E14-F14 | H14: =SUM(시간!$D$42:$AH$42) | I14: =H14-G14 | J14: =SUM(OT!$D$14:$AH$14) | L14: =K14+F14 | M14: =L14-J14 | N14: =SUM(시간!$D$98:$AH$98) | O14: =SUMPRODUCT((시간!$D$3:$AH$3=1)*(시간!$D$42:$AH$42))+SUMPRODUCT((시간!$D$3:$AH$3=1)*(OT!$D$14:$AH$14)) | P14: =SUMPRODUCT((시간!$D$3:$AH$3=2)*(시간!$D$42:$AH$42))+SUMPRODUCT((시간!$D$3:$AH$3=2)*(OT!$D$14:$AH$14)) | Q14: =SUMPRODUCT((시간!$D$3:$AH$3=3)*(시간!$D$42:$AH$42))+SUMPRODUCT((시간!$D$3:$AH$3=3)*(OT!$D$14:$AH$14)) | R14: =SUMPRODUCT((시간!$D$3:$AH$3=4)*(시간!$D$42:$AH$42))+SUMPRODUCT((시간!$D$3:$AH$3=4)*(OT!$D$14:$AH$14)) | S14: =SUMPRODUCT((시간!$D$3:$AH$3=5)*(시간!$D$42:$AH$42))+SUMPRODUCT((시간!$D$3:$AH$3=5)*(OT!$D$14:$AH$14)) | T14: =SUMPRODUCT((시간!$D$3:$AH$3=6)*(시간!$D$42:$AH$42))+SUMPRODUCT((시간!$D$3:$AH$3=6)*(OT!$D$14:$AH$14)) | U14: =MAX(O14:T14) | V14: =IF(U14>64,"초과","적합")
A15: =IF(명부!A9="","",명부!A9) | B15: =IF(명부!C9="","",명부!C9) | C15: =IF(명부!E9="","",명부!E9) | D15: =SUMPRODUCT((시간!$D$4:$AH$4<>"")*(시간!$D$6:$AH$6="")) | E15: =D15*8 | F15: =SUM(시간!$D$71:$AH$71) | G15: =E15-F15 | H15: =SUM(시간!$D$43:$AH$43) | I15: =H15-G15 | J15: =SUM(OT!$D$15:$AH$15) | L15: =K15+F15 | M15: =L15-J15 | N15: =SUM(시간!$D$99:$AH$99) | O15: =SUMPRODUCT((시간!$D$3:$AH$3=1)*(시간!$D$43:$AH$43))+SUMPRODUCT((시간!$D$3:$AH$3=1)*(OT!$D$15:$AH$15)) | P15: =SUMPRODUCT((시간!$D$3:$AH$3=2)*(시간!$D$43:$AH$43))+SUMPRODUCT((시간!$D$3:$AH$3=2)*(OT!$D$15:$AH$15)) | Q15: =SUMPRODUCT((시간!$D$3:$AH$3=3)*(시간!$D$43:$AH$43))+SUMPRODUCT((시간!$D$3:$AH$3=3)*(OT!$D$15:$AH$15)) | R15: =SUMPRODUCT((시간!$D$3:$AH$3=4)*(시간!$D$43:$AH$43))+SUMPRODUCT((시간!$D$3:$AH$3=4)*(OT!$D$15:$AH$15)) | S15: =SUMPRODUCT((시간!$D$3:$AH$3=5)*(시간!$D$43:$AH$43))+SUMPRODUCT((시간!$D$3:$AH$3=5)*(OT!$D$15:$AH$15)) | T15: =SUMPRODUCT((시간!$D$3:$AH$3=6)*(시간!$D$43:$AH$43))+SUMPRODUCT((시간!$D$3:$AH$3=6)*(OT!$D$15:$AH$15)) | U15: =MAX(O15:T15) | V15: =IF(U15>64,"초과","적합")
A16: =IF(명부!A10="","",명부!A10) | B16: =IF(명부!C10="","",명부!C10) | C16: =IF(명부!E10="","",명부!E10) | D16: =SUMPRODUCT((시간!$D$4:$AH$4<>"")*(시간!$D$6:$AH$6="")) | E16: =D16*8 | F16: =SUM(시간!$D$72:$AH$72) | G16: =E16-F16 | H16: =SUM(시간!$D$44:$AH$44) | I16: =H16-G16 | J16: =SUM(OT!$D$16:$AH$16) | L16: =K16+F16 | M16: =L16-J16 | N16: =SUM(시간!$D$100:$AH$100) | O16: =SUMPRODUCT((시간!$D$3:$AH$3=1)*(시간!$D$44:$AH$44))+SUMPRODUCT((시간!$D$3:$AH$3=1)*(OT!$D$16:$AH$16)) | P16: =SUMPRODUCT((시간!$D$3:$AH$3=2)*(시간!$D$44:$AH$44))+SUMPRODUCT((시간!$D$3:$AH$3=2)*(OT!$D$16:$AH$16)) | Q16: =SUMPRODUCT((시간!$D$3:$AH$3=3)*(시간!$D$44:$AH$44))+SUMPRODUCT((시간!$D$3:$AH$3=3)*(OT!$D$16:$AH$16)) | R16: =SUMPRODUCT((시간!$D$3:$AH$3=4)*(시간!$D$44:$AH$44))+SUMPRODUCT((시간!$D$3:$AH$3=4)*(OT!$D$16:$AH$16)) | S16: =SUMPRODUCT((시간!$D$3:$AH$3=5)*(시간!$D$44:$AH$44))+SUMPRODUCT((시간!$D$3:$AH$3=5)*(OT!$D$16:$AH$16)) | T16: =SUMPRODUCT((시간!$D$3:$AH$3=6)*(시간!$D$44:$AH$44))+SUMPRODUCT((시간!$D$3:$AH$3=6)*(OT!$D$16:$AH$16)) | U16: =MAX(O16:T16) | V16: =IF(U16>64,"초과","적합")
A17: =IF(명부!A11="","",명부!A11) | B17: =IF(명부!C11="","",명부!C11) | C17: =IF(명부!E11="","",명부!E11) | D17: =SUMPRODUCT((시간!$D$4:$AH$4<>"")*(시간!$D$6:$AH$6="")) | E17: =D17*8 | F17: =SUM(시간!$D$73:$AH$73) | G17: =E17-F17 | H17: =SUM(시간!$D$45:$AH$45) | I17: =H17-G17 | J17: =SUM(OT!$D$17:$AH$17) | L17: =K17+F17 | M17: =L17-J17 | N17: =SUM(시간!$D$101:$AH$101) | O17: =SUMPRODUCT((시간!$D$3:$AH$3=1)*(시간!$D$45:$AH$45))+SUMPRODUCT((시간!$D$3:$AH$3=1)*(OT!$D$17:$AH$17)) | P17: =SUMPRODUCT((시간!$D$3:$AH$3=2)*(시간!$D$45:$AH$45))+SUMPRODUCT((시간!$D$3:$AH$3=2)*(OT!$D$17:$AH$17)) | Q17: =SUMPRODUCT((시간!$D$3:$AH$3=3)*(시간!$D$45:$AH$45))+SUMPRODUCT((시간!$D$3:$AH$3=3)*(OT!$D$17:$AH$17)) | R17: =SUMPRODUCT((시간!$D$3:$AH$3=4)*(시간!$D$45:$AH$45))+SUMPRODUCT((시간!$D$3:$AH$3=4)*(OT!$D$17:$AH$17)) | S17: =SUMPRODUCT((시간!$D$3:$AH$3=5)*(시간!$D$45:$AH$45))+SUMPRODUCT((시간!$D$3:$AH$3=5)*(OT!$D$17:$AH$17)) | T17: =SUMPRODUCT((시간!$D$3:$AH$3=6)*(시간!$D$45:$AH$45))+SUMPRODUCT((시간!$D$3:$AH$3=6)*(OT!$D$17:$AH$17)) | U17: =MAX(O17:T17) | V17: =IF(U17>64,"초과","적합")
A18: =IF(명부!A12="","",명부!A12) | B18: =IF(명부!C12="","",명부!C12) | C18: =IF(명부!E12="","",명부!E12) | D18: =SUMPRODUCT((시간!$D$4:$AH$4<>"")*(시간!$D$6:$AH$6="")) | E18: =D18*8 | F18: =SUM(시간!$D$74:$AH$74) | G18: =E18-F18 | H18: =SUM(시간!$D$46:$AH$46) | I18: =H18-G18 | J18: =SUM(OT!$D$18:$AH$18) | L18: =K18+F18 | M18: =L18-J18 | N18: =SUM(시간!$D$102:$AH$102) | O18: =SUMPRODUCT((시간!$D$3:$AH$3=1)*(시간!$D$46:$AH$46))+SUMPRODUCT((시간!$D$3:$AH$3=1)*(OT!$D$18:$AH$18)) | P18: =SUMPRODUCT((시간!$D$3:$AH$3=2)*(시간!$D$46:$AH$46))+SUMPRODUCT((시간!$D$3:$AH$3=2)*(OT!$D$18:$AH$18)) | Q18: =SUMPRODUCT((시간!$D$3:$AH$3=3)*(시간!$D$46:$AH$46))+SUMPRODUCT((시간!$D$3:$AH$3=3)*(OT!$D$18:$AH$18)) | R18: =SUMPRODUCT((시간!$D$3:$AH$3=4)*(시간!$D$46:$AH$46))+SUMPRODUCT((시간!$D$3:$AH$3=4)*(OT!$D$18:$AH$18)) | S18: =SUMPRODUCT((시간!$D$3:$AH$3=5)*(시간!$D$46:$AH$46))+SUMPRODUCT((시간!$D$3:$AH$3=5)*(OT!$D$18:$AH$18)) | T18: =SUMPRODUCT((시간!$D$3:$AH$3=6)*(시간!$D$46:$AH$46))+SUMPRODUCT((시간!$D$3:$AH$3=6)*(OT!$D$18:$AH$18)) | U18: =MAX(O18:T18) | V18: =IF(U18>64,"초과","적합")
A19: =IF(명부!A13="","",명부!A13) | B19: =IF(명부!C13="","",명부!C13) | C19: =IF(명부!E13="","",명부!E13) | D19: =SUMPRODUCT((시간!$D$4:$AH$4<>"")*(시간!$D$6:$AH$6="")) | E19: =D19*8 | F19: =SUM(시간!$D$75:$AH$75) | G19: =E19-F19 | H19: =SUM(시간!$D$47:$AH$47) | I19: =H19-G19 | J19: =SUM(OT!$D$19:$AH$19) | L19: =K19+F19 | M19: =L19-J19 | N19: =SUM(시간!$D$103:$AH$103) | O19: =SUMPRODUCT((시간!$D$3:$AH$3=1)*(시간!$D$47:$AH$47))+SUMPRODUCT((시간!$D$3:$AH$3=1)*(OT!$D$19:$AH$19)) | P19: =SUMPRODUCT((시간!$D$3:$AH$3=2)*(시간!$D$47:$AH$47))+SUMPRODUCT((시간!$D$3:$AH$3=2)*(OT!$D$19:$AH$19)) | Q19: =SUMPRODUCT((시간!$D$3:$AH$3=3)*(시간!$D$47:$AH$47))+SUMPRODUCT((시간!$D$3:$AH$3=3)*(OT!$D$19:$AH$19)) | R19: =SUMPRODUCT((시간!$D$3:$AH$3=4)*(시간!$D$47:$AH$47))+SUMPRODUCT((시간!$D$3:$AH$3=4)*(OT!$D$19:$AH$19)) | S19: =SUMPRODUCT((시간!$D$3:$AH$3=5)*(시간!$D$47:$AH$47))+SUMPRODUCT((시간!$D$3:$AH$3=5)*(OT!$D$19:$AH$19)) | T19: =SUMPRODUCT((시간!$D$3:$AH$3=6)*(시간!$D$47:$AH$47))+SUMPRODUCT((시간!$D$3:$AH$3=6)*(OT!$D$19:$AH$19)) | U19: =MAX(O19:T19) | V19: =IF(U19>64,"초과","적합")
A20: =IF(명부!A14="","",명부!A14) | B20: =IF(명부!C14="","",명부!C14) | C20: =IF(명부!E14="","",명부!E14) | D20: =SUMPRODUCT((시간!$D$4:$AH$4<>"")*(시간!$D$6:$AH$6="")) | E20: =D20*8 | F20: =SUM(시간!$D$76:$AH$76) | G20: =E20-F20 | H20: =SUM(시간!$D$48:$AH$48) | I20: =H20-G20 | J20: =SUM(OT!$D$20:$AH$20) | L20: =K20+F20 | M20: =L20-J20 | N20: =SUM(시간!$D$104:$AH$104) | O20: =SUMPRODUCT((시간!$D$3:$AH$3=1)*(시간!$D$48:$AH$48))+SUMPRODUCT((시간!$D$3:$AH$3=1)*(OT!$D$20:$AH$20)) | P20: =SUMPRODUCT((시간!$D$3:$AH$3=2)*(시간!$D$48:$AH$48))+SUMPRODUCT((시간!$D$3:$AH$3=2)*(OT!$D$20:$AH$20)) | Q20: =SUMPRODUCT((시간!$D$3:$AH$3=3)*(시간!$D$48:$AH$48))+SUMPRODUCT((시간!$D$3:$AH$3=3)*(OT!$D$20:$AH$20)) | R20: =SUMPRODUCT((시간!$D$3:$AH$3=4)*(시간!$D$48:$AH$48))+SUMPRODUCT((시간!$D$3:$AH$3=4)*(OT!$D$20:$AH$20)) | S20: =SUMPRODUCT((시간!$D$3:$AH$3=5)*(시간!$D$48:$AH$48))+SUMPRODUCT((시간!$D$3:$AH$3=5)*(OT!$D$20:$AH$20)) | T20: =SUMPRODUCT((시간!$D$3:$AH$3=6)*(시간!$D$48:$AH$48))+SUMPRODUCT((시간!$D$3:$AH$3=6)*(OT!$D$20:$AH$20)) | U20: =MAX(O20:T20) | V20: =IF(U20>64,"초과","적합")
A21: =IF(명부!A15="","",명부!A15) | B21: =IF(명부!C15="","",명부!C15) | C21: =IF(명부!E15="","",명부!E15) | D21: =SUMPRODUCT((시간!$D$4:$AH$4<>"")*(시간!$D$6:$AH$6="")) | E21: =D21*8 | F21: =SUM(시간!$D$77:$AH$77) | G21: =E21-F21 | H21: =SUM(시간!$D$49:$AH$49) | I21: =H21-G21 | J21: =SUM(OT!$D$21:$AH$21) | L21: =K21+F21 | M21: =L21-J21 | N21: =SUM(시간!$D$105:$AH$105) | O21: =SUMPRODUCT((시간!$D$3:$AH$3=1)*(시간!$D$49:$AH$49))+SUMPRODUCT((시간!$D$3:$AH$3=1)*(OT!$D$21:$AH$21)) | P21: =SUMPRODUCT((시간!$D$3:$AH$3=2)*(시간!$D$49:$AH$49))+SUMPRODUCT((시간!$D$3:$AH$3=2)*(OT!$D$21:$AH$21)) | Q21: =SUMPRODUCT((시간!$D$3:$AH$3=3)*(시간!$D$49:$AH$49))+SUMPRODUCT((시간!$D$3:$AH$3=3)*(OT!$D$21:$AH$21)) | R21: =SUMPRODUCT((시간!$D$3:$AH$3=4)*(시간!$D$49:$AH$49))+SUMPRODUCT((시간!$D$3:$AH$3=4)*(OT!$D$21:$AH$21)) | S21: =SUMPRODUCT((시간!$D$3:$AH$3=5)*(시간!$D$49:$AH$49))+SUMPRODUCT((시간!$D$3:$AH$3=5)*(OT!$D$21:$AH$21)) | T21: =SUMPRODUCT((시간!$D$3:$AH$3=6)*(시간!$D$49:$AH$49))+SUMPRODUCT((시간!$D$3:$AH$3=6)*(OT!$D$21:$AH$21)) | U21: =MAX(O21:T21) | V21: =IF(U21>64,"초과","적합")
A22: =IF(명부!A16="","",명부!A16) | B22: =IF(명부!C16="","",명부!C16) | C22: =IF(명부!E16="","",명부!E16) | D22: =SUMPRODUCT((시간!$D$4:$AH$4<>"")*(시간!$D$6:$AH$6="")) | E22: =D22*8 | F22: =SUM(시간!$D$78:$AH$78) | G22: =E22-F22 | H22: =SUM(시간!$D$50:$AH$50) | I22: =H22-G22 | J22: =SUM(OT!$D$22:$AH$22) | L22: =K22+F22 | M22: =L22-J22 | N22: =SUM(시간!$D$106:$AH$106) | O22: =SUMPRODUCT((시간!$D$3:$AH$3=1)*(시간!$D$50:$AH$50))+SUMPRODUCT((시간!$D$3:$AH$3=1)*(OT!$D$22:$AH$22)) | P22: =SUMPRODUCT((시간!$D$3:$AH$3=2)*(시간!$D$50:$AH$50))+SUMPRODUCT((시간!$D$3:$AH$3=2)*(OT!$D$22:$AH$22)) | Q22: =SUMPRODUCT((시간!$D$3:$AH$3=3)*(시간!$D$50:$AH$50))+SUMPRODUCT((시간!$D$3:$AH$3=3)*(OT!$D$22:$AH$22)) | R22: =SUMPRODUCT((시간!$D$3:$AH$3=4)*(시간!$D$50:$AH$50))+SUMPRODUCT((시간!$D$3:$AH$3=4)*(OT!$D$22:$AH$22)) | S22: =SUMPRODUCT((시간!$D$3:$AH$3=5)*(시간!$D$50:$AH$50))+SUMPRODUCT((시간!$D$3:$AH$3=5)*(OT!$D$22:$AH$22)) | T22: =SUMPRODUCT((시간!$D$3:$AH$3=6)*(시간!$D$50:$AH$50))+SUMPRODUCT((시간!$D$3:$AH$3=6)*(OT!$D$22:$AH$22)) | U22: =MAX(O22:T22) | V22: =IF(U22>64,"초과","적합")
A23: =IF(명부!A17="","",명부!A17) | B23: =IF(명부!C17="","",명부!C17) | C23: =IF(명부!E17="","",명부!E17) | D23: =SUMPRODUCT((시간!$D$4:$AH$4<>"")*(시간!$D$6:$AH$6="")) | E23: =D23*8 | F23: =SUM(시간!$D$79:$AH$79) | G23: =E23-F23 | H23: =SUM(시간!$D$51:$AH$51) | I23: =H23-G23 | J23: =SUM(OT!$D$23:$AH$23) | L23: =K23+F23 | M23: =L23-J23 | N23: =SUM(시간!$D$107:$AH$107) | O23: =SUMPRODUCT((시간!$D$3:$AH$3=1)*(시간!$D$51:$AH$51))+SUMPRODUCT((시간!$D$3:$AH$3=1)*(OT!$D$23:$AH$23)) | P23: =SUMPRODUCT((시간!$D$3:$AH$3=2)*(시간!$D$51:$AH$51))+SUMPRODUCT((시간!$D$3:$AH$3=2)*(OT!$D$23:$AH$23)) | Q23: =SUMPRODUCT((시간!$D$3:$AH$3=3)*(시간!$D$51:$AH$51))+SUMPRODUCT((시간!$D$3:$AH$3=3)*(OT!$D$23:$AH$23)) | R23: =SUMPRODUCT((시간!$D$3:$AH$3=4)*(시간!$D$51:$AH$51))+SUMPRODUCT((시간!$D$3:$AH$3=4)*(OT!$D$23:$AH$23)) | S23: =SUMPRODUCT((시간!$D$3:$AH$3=5)*(시간!$D$51:$AH$51))+SUMPRODUCT((시간!$D$3:$AH$3=5)*(OT!$D$23:$AH$23)) | T23: =SUMPRODUCT((시간!$D$3:$AH$3=6)*(시간!$D$51:$AH$51))+SUMPRODUCT((시간!$D$3:$AH$3=6)*(OT!$D$23:$AH$23)) | U23: =MAX(O23:T23) | V23: =IF(U23>64,"초과","적합")
A24: =IF(명부!A18="","",명부!A18) | B24: =IF(명부!C18="","",명부!C18) | C24: =IF(명부!E18="","",명부!E18) | D24: =SUMPRODUCT((시간!$D$4:$AH$4<>"")*(시간!$D$6:$AH$6="")) | E24: =D24*8 | F24: =SUM(시간!$D$80:$AH$80) | G24: =E24-F24 | H24: =SUM(시간!$D$52:$AH$52) | I24: =H24-G24 | J24: =SUM(OT!$D$24:$AH$24) | L24: =K24+F24 | M24: =L24-J24 | N24: =SUM(시간!$D$108:$AH$108) | O24: =SUMPRODUCT((시간!$D$3:$AH$3=1)*(시간!$D$52:$AH$52))+SUMPRODUCT((시간!$D$3:$AH$3=1)*(OT!$D$24:$AH$24)) | P24: =SUMPRODUCT((시간!$D$3:$AH$3=2)*(시간!$D$52:$AH$52))+SUMPRODUCT((시간!$D$3:$AH$3=2)*(OT!$D$24:$AH$24)) | Q24: =SUMPRODUCT((시간!$D$3:$AH$3=3)*(시간!$D$52:$AH$52))+SUMPRODUCT((시간!$D$3:$AH$3=3)*(OT!$D$24:$AH$24)) | R24: =SUMPRODUCT((시간!$D$3:$AH$3=4)*(시간!$D$52:$AH$52))+SUMPRODUCT((시간!$D$3:$AH$3=4)*(OT!$D$24:$AH$24)) | S24: =SUMPRODUCT((시간!$D$3:$AH$3=5)*(시간!$D$52:$AH$52))+SUMPRODUCT((시간!$D$3:$AH$3=5)*(OT!$D$24:$AH$24)) | T24: =SUMPRODUCT((시간!$D$3:$AH$3=6)*(시간!$D$52:$AH$52))+SUMPRODUCT((시간!$D$3:$AH$3=6)*(OT!$D$24:$AH$24)) | U24: =MAX(O24:T24) | V24: =IF(U24>64,"초과","적합")
A25: =IF(명부!A19="","",명부!A19) | B25: =IF(명부!C19="","",명부!C19) | C25: =IF(명부!E19="","",명부!E19) | D25: =SUMPRODUCT((시간!$D$4:$AH$4<>"")*(시간!$D$6:$AH$6="")) | E25: =D25*8 | F25: =SUM(시간!$D$81:$AH$81) | G25: =E25-F25 | H25: =SUM(시간!$D$53:$AH$53) | I25: =H25-G25 | J25: =SUM(OT!$D$25:$AH$25) | L25: =K25+F25 | M25: =L25-J25 | N25: =SUM(시간!$D$109:$AH$109) | O25: =SUMPRODUCT((시간!$D$3:$AH$3=1)*(시간!$D$53:$AH$53))+SUMPRODUCT((시간!$D$3:$AH$3=1)*(OT!$D$25:$AH$25)) | P25: =SUMPRODUCT((시간!$D$3:$AH$3=2)*(시간!$D$53:$AH$53))+SUMPRODUCT((시간!$D$3:$AH$3=2)*(OT!$D$25:$AH$25)) | Q25: =SUMPRODUCT((시간!$D$3:$AH$3=3)*(시간!$D$53:$AH$53))+SUMPRODUCT((시간!$D$3:$AH$3=3)*(OT!$D$25:$AH$25)) | R25: =SUMPRODUCT((시간!$D$3:$AH$3=4)*(시간!$D$53:$AH$53))+SUMPRODUCT((시간!$D$3:$AH$3=4)*(OT!$D$25:$AH$25)) | S25: =SUMPRODUCT((시간!$D$3:$AH$3=5)*(시간!$D$53:$AH$53))+SUMPRODUCT((시간!$D$3:$AH$3=5)*(OT!$D$25:$AH$25)) | T25: =SUMPRODUCT((시간!$D$3:$AH$3=6)*(시간!$D$53:$AH$53))+SUMPRODUCT((시간!$D$3:$AH$3=6)*(OT!$D$25:$AH$25)) | U25: =MAX(O25:T25) | V25: =IF(U25>64,"초과","적합")
A26: =IF(명부!A20="","",명부!A20) | B26: =IF(명부!C20="","",명부!C20) | C26: =IF(명부!E20="","",명부!E20) | D26: =SUMPRODUCT((시간!$D$4:$AH$4<>"")*(시간!$D$6:$AH$6="")) | E26: =D26*8 | F26: =SUM(시간!$D$82:$AH$82) | G26: =E26-F26 | H26: =SUM(시간!$D$54:$AH$54) | I26: =H26-G26 | J26: =SUM(OT!$D$26:$AH$26) | L26: =K26+F26 | M26: =L26-J26 | N26: =SUM(시간!$D$110:$AH$110) | O26: =SUMPRODUCT((시간!$D$3:$AH$3=1)*(시간!$D$54:$AH$54))+SUMPRODUCT((시간!$D$3:$AH$3=1)*(OT!$D$26:$AH$26)) | P26: =SUMPRODUCT((시간!$D$3:$AH$3=2)*(시간!$D$54:$AH$54))+SUMPRODUCT((시간!$D$3:$AH$3=2)*(OT!$D$26:$AH$26)) | Q26: =SUMPRODUCT((시간!$D$3:$AH$3=3)*(시간!$D$54:$AH$54))+SUMPRODUCT((시간!$D$3:$AH$3=3)*(OT!$D$26:$AH$26)) | R26: =SUMPRODUCT((시간!$D$3:$AH$3=4)*(시간!$D$54:$AH$54))+SUMPRODUCT((시간!$D$3:$AH$3=4)*(OT!$D$26:$AH$26)) | S26: =SUMPRODUCT((시간!$D$3:$AH$3=5)*(시간!$D$54:$AH$54))+SUMPRODUCT((시간!$D$3:$AH$3=5)*(OT!$D$26:$AH$26)) | T26: =SUMPRODUCT((시간!$D$3:$AH$3=6)*(시간!$D$54:$AH$54))+SUMPRODUCT((시간!$D$3:$AH$3=6)*(OT!$D$26:$AH$26)) | U26: =MAX(O26:T26) | V26: =IF(U26>64,"초과","적합")
A27: =IF(명부!A21="","",명부!A21) | B27: =IF(명부!C21="","",명부!C21) | C27: =IF(명부!E21="","",명부!E21) | D27: =SUMPRODUCT((시간!$D$4:$AH$4<>"")*(시간!$D$6:$AH$6="")) | E27: =D27*8 | F27: =SUM(시간!$D$83:$AH$83) | G27: =E27-F27 | H27: =SUM(시간!$D$55:$AH$55) | I27: =H27-G27 | J27: =SUM(OT!$D$27:$AH$27) | L27: =K27+F27 | M27: =L27-J27 | N27: =SUM(시간!$D$111:$AH$111) | O27: =SUMPRODUCT((시간!$D$3:$AH$3=1)*(시간!$D$55:$AH$55))+SUMPRODUCT((시간!$D$3:$AH$3=1)*(OT!$D$27:$AH$27)) | P27: =SUMPRODUCT((시간!$D$3:$AH$3=2)*(시간!$D$55:$AH$55))+SUMPRODUCT((시간!$D$3:$AH$3=2)*(OT!$D$27:$AH$27)) | Q27: =SUMPRODUCT((시간!$D$3:$AH$3=3)*(시간!$D$55:$AH$55))+SUMPRODUCT((시간!$D$3:$AH$3=3)*(OT!$D$27:$AH$27)) | R27: =SUMPRODUCT((시간!$D$3:$AH$3=4)*(시간!$D$55:$AH$55))+SUMPRODUCT((시간!$D$3:$AH$3=4)*(OT!$D$27:$AH$27)) | S27: =SUMPRODUCT((시간!$D$3:$AH$3=5)*(시간!$D$55:$AH$55))+SUMPRODUCT((시간!$D$3:$AH$3=5)*(OT!$D$27:$AH$27)) | T27: =SUMPRODUCT((시간!$D$3:$AH$3=6)*(시간!$D$55:$AH$55))+SUMPRODUCT((시간!$D$3:$AH$3=6)*(OT!$D$27:$AH$27)) | U27: =MAX(O27:T27) | V27: =IF(U27>64,"초과","적합")
A28: =IF(명부!A22="","",명부!A22) | B28: =IF(명부!C22="","",명부!C22) | C28: =IF(명부!E22="","",명부!E22) | D28: =SUMPRODUCT((시간!$D$4:$AH$4<>"")*(시간!$D$6:$AH$6="")) | E28: =D28*8 | F28: =SUM(시간!$D$84:$AH$84) | G28: =E28-F28 | H28: =SUM(시간!$D$56:$AH$56) | I28: =H28-G28 | J28: =SUM(OT!$D$28:$AH$28) | L28: =K28+F28 | M28: =L28-J28 | N28: =SUM(시간!$D$112:$AH$112) | O28: =SUMPRODUCT((시간!$D$3:$AH$3=1)*(시간!$D$56:$AH$56))+SUMPRODUCT((시간!$D$3:$AH$3=1)*(OT!$D$28:$AH$28)) | P28: =SUMPRODUCT((시간!$D$3:$AH$3=2)*(시간!$D$56:$AH$56))+SUMPRODUCT((시간!$D$3:$AH$3=2)*(OT!$D$28:$AH$28)) | Q28: =SUMPRODUCT((시간!$D$3:$AH$3=3)*(시간!$D$56:$AH$56))+SUMPRODUCT((시간!$D$3:$AH$3=3)*(OT!$D$28:$AH$28)) | R28: =SUMPRODUCT((시간!$D$3:$AH$3=4)*(시간!$D$56:$AH$56))+SUMPRODUCT((시간!$D$3:$AH$3=4)*(OT!$D$28:$AH$28)) | S28: =SUMPRODUCT((시간!$D$3:$AH$3=5)*(시간!$D$56:$AH$56))+SUMPRODUCT((시간!$D$3:$AH$3=5)*(OT!$D$28:$AH$28)) | T28: =SUMPRODUCT((시간!$D$3:$AH$3=6)*(시간!$D$56:$AH$56))+SUMPRODUCT((시간!$D$3:$AH$3=6)*(OT!$D$28:$AH$28)) | U28: =MAX(O28:T28) | V28: =IF(U28>64,"초과","적합")
A29: =IF(명부!A23="","",명부!A23) | B29: =IF(명부!C23="","",명부!C23) | C29: =IF(명부!E23="","",명부!E23) | D29: =SUMPRODUCT((시간!$D$4:$AH$4<>"")*(시간!$D$6:$AH$6="")) | E29: =D29*8 | F29: =SUM(시간!$D$85:$AH$85) | G29: =E29-F29 | H29: =SUM(시간!$D$57:$AH$57) | I29: =H29-G29 | J29: =SUM(OT!$D$29:$AH$29) | L29: =K29+F29 | M29: =L29-J29 | N29: =SUM(시간!$D$113:$AH$113) | O29: =SUMPRODUCT((시간!$D$3:$AH$3=1)*(시간!$D$57:$AH$57))+SUMPRODUCT((시간!$D$3:$AH$3=1)*(OT!$D$29:$AH$29)) | P29: =SUMPRODUCT((시간!$D$3:$AH$3=2)*(시간!$D$57:$AH$57))+SUMPRODUCT((시간!$D$3:$AH$3=2)*(OT!$D$29:$AH$29)) | Q29: =SUMPRODUCT((시간!$D$3:$AH$3=3)*(시간!$D$57:$AH$57))+SUMPRODUCT((시간!$D$3:$AH$3=3)*(OT!$D$29:$AH$29)) | R29: =SUMPRODUCT((시간!$D$3:$AH$3=4)*(시간!$D$57:$AH$57))+SUMPRODUCT((시간!$D$3:$AH$3=4)*(OT!$D$29:$AH$29)) | S29: =SUMPRODUCT((시간!$D$3:$AH$3=5)*(시간!$D$57:$AH$57))+SUMPRODUCT((시간!$D$3:$AH$3=5)*(OT!$D$29:$AH$29)) | T29: =SUMPRODUCT((시간!$D$3:$AH$3=6)*(시간!$D$57:$AH$57))+SUMPRODUCT((시간!$D$3:$AH$3=6)*(OT!$D$29:$AH$29)) | U29: =MAX(O29:T29) | V29: =IF(U29>64,"초과","적합")
A30: =IF(명부!A24="","",명부!A24) | B30: =IF(명부!C24="","",명부!C24) | C30: =IF(명부!E24="","",명부!E24) | D30: =SUMPRODUCT((시간!$D$4:$AH$4<>"")*(시간!$D$6:$AH$6="")) | E30: =D30*8 | F30: =SUM(시간!$D$86:$AH$86) | G30: =E30-F30 | H30: =SUM(시간!$D$58:$AH$58) | I30: =H30-G30 | J30: =SUM(OT!$D$30:$AH$30) | L30: =K30+F30 | M30: =L30-J30 | N30: =SUM(시간!$D$114:$AH$114) | O30: =SUMPRODUCT((시간!$D$3:$AH$3=1)*(시간!$D$58:$AH$58))+SUMPRODUCT((시간!$D$3:$AH$3=1)*(OT!$D$30:$AH$30)) | P30: =SUMPRODUCT((시간!$D$3:$AH$3=2)*(시간!$D$58:$AH$58))+SUMPRODUCT((시간!$D$3:$AH$3=2)*(OT!$D$30:$AH$30)) | Q30: =SUMPRODUCT((시간!$D$3:$AH$3=3)*(시간!$D$58:$AH$58))+SUMPRODUCT((시간!$D$3:$AH$3=3)*(OT!$D$30:$AH$30)) | R30: =SUMPRODUCT((시간!$D$3:$AH$3=4)*(시간!$D$58:$AH$58))+SUMPRODUCT((시간!$D$3:$AH$3=4)*(OT!$D$30:$AH$30)) | S30: =SUMPRODUCT((시간!$D$3:$AH$3=5)*(시간!$D$58:$AH$58))+SUMPRODUCT((시간!$D$3:$AH$3=5)*(OT!$D$30:$AH$30)) | T30: =SUMPRODUCT((시간!$D$3:$AH$3=6)*(시간!$D$58:$AH$58))+SUMPRODUCT((시간!$D$3:$AH$3=6)*(OT!$D$30:$AH$30)) | U30: =MAX(O30:T30) | V30: =IF(U30>64,"초과","적합")
A31: =IF(명부!A25="","",명부!A25) | B31: =IF(명부!C25="","",명부!C25) | C31: =IF(명부!E25="","",명부!E25) | D31: =SUMPRODUCT((시간!$D$4:$AH$4<>"")*(시간!$D$6:$AH$6="")) | E31: =D31*8 | F31: =SUM(시간!$D$87:$AH$87) | G31: =E31-F31 | H31: =SUM(시간!$D$59:$AH$59) | I31: =H31-G31 | J31: =SUM(OT!$D$31:$AH$31) | L31: =K31+F31 | M31: =L31-J31 | N31: =SUM(시간!$D$115:$AH$115) | O31: =SUMPRODUCT((시간!$D$3:$AH$3=1)*(시간!$D$59:$AH$59))+SUMPRODUCT((시간!$D$3:$AH$3=1)*(OT!$D$31:$AH$31)) | P31: =SUMPRODUCT((시간!$D$3:$AH$3=2)*(시간!$D$59:$AH$59))+SUMPRODUCT((시간!$D$3:$AH$3=2)*(OT!$D$31:$AH$31)) | Q31: =SUMPRODUCT((시간!$D$3:$AH$3=3)*(시간!$D$59:$AH$59))+SUMPRODUCT((시간!$D$3:$AH$3=3)*(OT!$D$31:$AH$31)) | R31: =SUMPRODUCT((시간!$D$3:$AH$3=4)*(시간!$D$59:$AH$59))+SUMPRODUCT((시간!$D$3:$AH$3=4)*(OT!$D$31:$AH$31)) | S31: =SUMPRODUCT((시간!$D$3:$AH$3=5)*(시간!$D$59:$AH$59))+SUMPRODUCT((시간!$D$3:$AH$3=5)*(OT!$D$31:$AH$31)) | T31: =SUMPRODUCT((시간!$D$3:$AH$3=6)*(시간!$D$59:$AH$59))+SUMPRODUCT((시간!$D$3:$AH$3=6)*(OT!$D$31:$AH$31)) | U31: =MAX(O31:T31) | V31: =IF(U31>64,"초과","적합")
A34: 주별 근로시간은 정규 + OT 이고 64시간을 넘으면 빨갛게 표시됩니다. 탄력근무 3개월 평균 52시간 판정은 달을 넘겨야 하므로 index.html 의 「탄력근무 52/64」 탭에서 확인하세요.

Sheet 명부
A1: 이름 | B1: 팀 | C1: 파트 | D1: 직책 | E1: 그룹 | F1: 휴직
A2: 김동환 | B2: 발전운영팀 | C2: 발전팀장 | D2: 팀장 | E2: A
A3: 고재민 | B3: 정비기술팀 | C3: 정비팀장 | D3: 팀장 | E3: A
A4: 임태균 | B4: 발전운영팀 | C4: 발전지원 | D4: 파트장 | E4: A
A5: 정병철 | B5: 정비기술팀 | C5: 기계 | D5: 파트장 | E5: A
A6: 민준홍 | B6: 정비기술팀 | C6: 전기 | D6: 파트장 | E6: A
A7: 한승백 | B7: 정비기술팀 | C7: 제어 | D7: 파트장 | E7: A
A8: 박상호 | B8: 정비기술팀 | C8: 기계 | D8: 구성원 | E8: B
A9: 최규석 | B9: 정비기술팀 | C9: 기계 | D9: 구성원 | E9: B
A10: 김성진 | B10: 정비기술팀 | C10: 기계 | D10: 구성원 | E10: B
A11: 윤병권 | B11: 정비기술팀 | C11: 기계 | D11: 구성원 | E11: B
A12: 정상우 | B12: 정비기술팀 | C12: 기계 | D12: 구성원 | E12: B
A13: 김형준 | B13: 정비기술팀 | C13: 전기 | D13: 구성원 | E13: B
... A21: 정소망 | B21: 정비기술팀 | C21: 정비지원 | D21: 구성원 | E21: B
A22: 윤승현 | B22: 정비기술팀 | C22: 정비지원 | D22: 구성원 | E22: B | F22: Y
A23: 양시웅 | B23: 발전운영팀 | C23: 발전지원 | D23: 구성원 | E23: C
A24: 한준우 | B24: 발전운영팀 | C24: 발전지원 | D24: 구성원 | E24: C
A25: 권민중 | B25: 발전운영팀 | C25: 발전지원 | D25: 구성원 | E25: C
A27: 활성 인원 | B27: =COUNTA(A2:A25)-COUNTIF(F2:F25,"Y")
A28: 30% 필요 인원 | B28: =ROUNDUP(B27*0.3,0)
A30: 휴직 열에 Y 를 넣으면 30% 모수에서 빠집니다. 순서를 바꾸면 다른 시트의 이름도 함께 바뀝니다.

Sheet 공휴일
A1: 날짜 | B1: 명칭
A2: 2026-01-01 | B2: 신정
A3: 2026-02-16 | B3: 설날 연휴
A4: 2026-02-17 | B4: 설날
A5: 2026-02-18 | B5: 설날 연휴
A6: 2026-03-01 | B6: 삼일절
A7: 2026-03-02 | B7: 삼일절 대체공휴일
A8: 2026-05-01 | B8: 근로자의 날
A9: 2026-05-05 | B9: 어린이날
A10: 2026-05-24 | B10: 부처님오신날
A11: 2026-05-25 | B11: 부처님오신날 대체공휴일
A12: 2026-06-06 | B12: 현충일
... A22: 2026-12-25 | B22: 성탄절
A24: 날짜는 반드시 날짜 형식(2027-01-01)으로 넣으세요. 설날·추석·부처님오신날은 음력이라 매년 확인이 필요합니다. 사내 휴무일도 여기에 추가하세요.

Sheet 코드
A1: 코드 | B1: 유형 | C1: 근무 시각 | D1: 실근로(h) | E1: 휴가(h) | F1: 30%충족 | G1: 휴가 블록 | H1: 구분 | J1: 30% 충족 코드 | K1: 조율 가능 코드 | M1: 요일 | O1: 유형 | P1: 출근 | Q1: 퇴근
A2: 근무 0730-1630 | B2: 근무 | C2: 07:30~16:30 | D2: 8 | E2: 0 | F2: 1 | H2: 근무 | J2: 근무 0730-1630 | K2: 오후반 0730-1200 | M2: 일 | O2: 근무 | P2: 07:30 | Q2: 11:30
A3: 근무 0800-1700 | B3: 근무 | C3: 08:00~17:00 | D3: 8 | E3: 0 | F3: 1 | H3: 근무 | J3: 근무 0800-1700 | K3: 오후반 0730-1300 | M3: 월 | O3: 오전반 | P3: 08:00 | Q3: 12:00
A4: 근무 0830-1730 | B4: 근무 | C4: 08:30~17:30 | D4: 8 | E4: 0 | F4: 1 | H4: 근무 | J4: 근무 0830-1730 | K4: 오후반 0800-1200 | M4: 화 | O4: 오후반 | P4: 08:30 | Q4: 13:00
A5: 연차 | B5: 연차 | D5: 0 | E5: 8 | F5: 0 | H5: 휴가·사외 | J5: 근무 0730-1700 | K5: 오후반 0800-1300 | M5: 수 | O5: 오전반반 | P5: 10:30 | Q5: 13:30
A6: 출장 | B6: 출장 | D6: 8 | E6: 0 | F6: 0 | H6: 휴가·사외 | J6: 근무 0730-1730 | K6: 오후반 0800-1330 | M6: 목 | O6: 오후반반 | P6: 13:00 | Q6: 14:00
A7: 교육 | B7: 교육 | D7: 8 | E7: 0 | F7: 0 | H7: 휴가·사외 | J7: 근무 0730-1800 | K7: 오후반 0830-1200 | M7: 금 | O7: 검진 | P7: 13:30 | Q7: 14:30
A8: 기타 | B8: 기타 | D8: 8 | E8: 0 | F8: 0 | H8: 휴가·사외 | J8: 근무 0730-1830 | K8: 오후반 0830-1300 | M8: 토 | O8: 연차 | Q8: 15:00
A9: 오후반 0730-1200 | B9: 오후반 | C9: 07:30~12:00 | D9: 4.5 | E9: 4 | F9: 0 | G9: 12:00~17:00 | H9: 반차 | J9: 근무 0730-1900 | K9: 오후반 0830-1330 | O9: 출장 | Q9: 15:30
A10: 오후반 0730-1300 | B10: 오후반 | C10: 07:30~13:00 | D10: 4.5 | E10: 4 | F10: 0 | G10: 13:00~17:00 | H10: 반차 | J10: 근무 0730-1930 | K10: 오후반 0830-1400 | O10: 교육 | Q10: 16:00
A11: 오후반 0800-1200 | B11: 오후반 | C11: 08:00~12:00 | D11: 4 | E11: 4 | F11: 0 | G11: 12:00~17:00 | H11: 반차 | J11: 근무 0730-2000 | K11: 오전반 1300-1600 | O11: 기타 | Q11: 16:30
A12: 오후반 0800-1300 | B12: 오후반 | C12: 08:00~13:00 | D12: 4 | E12: 4 | F12: 0 | G12: 13:00~17:00 | H12: 반차 | J12: 근무 0730-2030 | K12: 오전반 1300-1630 | O12: 휴직 | Q12: 17:00
A13: 오후반 0800-1330 | B13: 오후반 | C13: 08:00~13:30 | D13: 4.5 | E13: 4 | F13: 0 | G13: 13:30~17:30 | H13: 반차 | J13: 근무 0800-1730 | K13: 오전반 1300-1700 | Q13: 17:30
A14: 오후반 0830-1200 | B14: 오후반 | C14: 08:30~12:00 | D14: 3.5 | E14: 4 | F14: 0 | G14: 12:00~17:00 | H14: 반차 | J14: 근무 0800-1800 | K14: 오전반 1300-1730 | Q14: 18:00
A15: 오후반 0830-1300 | B15: 오후반 | C15: 08:30~13:00 | D15: 3.5 | E15: 4 | F15: 0 | G15: 13:00~17:00 | H15: 반차 | J15: 근무 0800-1830 | K15: 오전반 1330-1630 | Q15: 18:30
A16: 오후반 0830-1330 | B16: 오후반 | C16: 08:30~13:30 | D16: 4 | E16: 4 | F16: 0 | G16: 13:30~17:30 | H16: 반차 | J16: 근무 0800-1900 | K16: 오전반 1330-1700 | Q16: 19:00
A17: 오후반 0830-1400 | B17: 오후반 | C17: 08:30~14:00 | D17: 4.5 | E17: 4 | F17: 0 | G17: 14:00~18:00 | H17: 반차 | J17: 근무 0800-1930 | K17: 오전반 1330-1730 | Q17: 19:30
A18: 오전반 1300-1600 | B18: 오전반 | C18: 13:00~16:00 | D18: 3 | E18: 4 | F18: 0 | G18: 08:00~13:00 | H18: 반차 | J18: 근무 0800-2000 | K18: 오전반 1330-1800 | Q18: 20:00
A19: 오전반 1300-1630 | B19: 오전반 | C19: 13:00~16:30 | D19: 3.5 | E19: 4 | F19: 0 | G19: 08:00~13:00 | H19: 반차 | J19: 근무 0800-2030 | K19: 오전반 1330-1830 | Q19: 20:30
A20: 오전반 1300-1700 | B20: 오전반 | C20: 13:00~17:00 | D20: 4 | E20: 4 | F20: 0 | G20: 08:00~13:00 | H20: 반차 | J20: 근무 0830-1800 | K20: 오후반반 0800-1530
A21: 오전반 1300-1730 | B21: 오전반 | C21: 13:00~17:30 | D21: 4.5 | E21: 4 | F21: 0 | G21: 08:00~13:00 | H21: 반차 | J21: 근무 0830-1830 | K21: 오후반반 0830-1530
A22: 오전반 1330-1630 | B22: 오전반 | C22: 13:30~16:30 | D22: 3 | E22: 4 | F22: 0 | G22: 08:30~13:30 | H22: 반차 | J22: 근무 0830-1900 | K22: 오전반반 1030-1430
A23: 오전반 1330-1700 | B23: 오전반 | C23: 13:30~17:00 | D23: 3.5 | E23: 4 | F23: 0 | G23: 08:30~13:30 | H23: 반차 | J23: 근무 0830-1930 | K23: 오전반반 1030-1500
A24: 오전반 1330-1730 | B24: 오전반 | C24: 13:30~17:30 | D24: 4 | E24: 4 | F24: 0 | G24: 08:30~13:30 | H24: 반차 | J24: 근무 0830-2000 | K24: 오전반반 1030-1530
A25: 오전반 1330-1800 | B25: 오전반 | C25: 13:30~18:00 | D25: 4.5 | E25: 4 | F25: 0 | G25: 08:30~13:30 | H25: 반차 | J25: 근무 0830-2030 | K25: 오전반반 1030-1600
A26: 오전반 1330-1830 | B26: 오전반 | C26: 13:30~18:30 | D26: 4.5 | E26: 4 | F26: 0 | G26: 08:30~13:30 | H26: 반차 | K26: 오전반반 1030-1630
A27: 오후반반 0800-1530 | B27: 오후반반 | C27: 08:00~15:30 | D27: 6.5 | E27: 2 | F27: 0 | G27: 15:30~17:30 | H27: 반반차 | K27: 오전반반 1030-1700
A28: 오후반반 0830-1530 | B28: 오후반반 | C28: 08:30~15:30 | D28: 6 | E28: 2 | F28: 0 | G28: 15:30~17:30 | H28: 반반차 | K28: 오전반반 1030-1730
A29: 오전반반 1030-1430 | B29: 오전반반 | C29: 10:30~14:30 | D29: 3 | E29: 2 | F29: 0 | G29: 08:30~10:30 | H29: 반반차 | K29: 오전반반 1030-1800
A30: 오전반반 1030-1500 | B30: 오전반반 | C30: 10:30~15:00 | D30: 3.5 | E30: 2 | F30: 0 | G30: 08:30~10:30 | H30: 반반차 | K30: 오전반반 1030-1830
A31: 오전반반 1030-1530 | B31: 오전반반 | C31: 10:30~15:30 | D31: 4 | E31: 2 | F31: 0 | G31: 08:30~10:30 | H31: 반반차 | K31: 근무 0730-1130
A32: 오전반반 1030-1600 | B32: 오전반반 | C32: 10:30~16:00 | D32: 4.5 | E32: 2 | F32: 0 | G32: 08:30~10:30 | H32: 반반차 | K32: 근무 0730-1200
A33: 오전반반 1030-1630 | B33: 오전반반 | C33: 10:30~16:30 | D33: 5 | E33: 2 | F33: 0 | G33: 08:30~10:30 | H33: 반반차 | K33: 근무 0730-1300
A34: 오전반반 1030-1700 | B34: 오전반반 | C34: 10:30~17:00 | D34: 5.5 | E34: 2 | F34: 0 | G34: 08:30~10:30 | H34: 반반차 | K34: 근무 0730-1330
A35: 오전반반 1030-1730 | B35: 오전반반 | C35: 10:30~17:30 | D35: 6 | E35: 2 | F35: 0 | G35: 08:30~10:30 | H35: 반반차 | K35: 근무 0730-1400
A36: 오전반반 1030-1800 | B36: 오전반반 | C36: 10:30~18:00 | D36: 6.5 | E36: 2 | F36: 0 | G36: 08:30~10:30 | H36: 반반차 | K36: 근무 0730-1430
A37: 오전반반 1030-1830 | B37: 오전반반 | C37: 10:30~18:30 | D37: 6.5 | E37: 2 | F37: 0 | G37: 08:30~10:30 | H37: 반반차 | K37: 근무 0730-1500
... A55: 검진 1330-1830 | B55: 검진 | C55: 13:30~18:30 | D55: 4.5 | E55: 4 | F55: 0 | G55: 08:30~13:30 | H55: 건강검진 | K55: 근무 0830-1430
A56: 근무 0730-1130 | B56: 근무 | C56: 07:30~11:30 | D56: 4 | E56: 0 | F56: 0 | H56: 근무 | K56: 근무 0830-1500
A57: 근무 0730-1200 | B57: 근무 | C57: 07:30~12:00 | D57: 4.5 | E57: 0 | F57: 0 | H57: 근무 | K57: 근무 0830-1530
A58: 근무 0730-1300 | B58: 근무 | C58: 07:30~13:00 | D58: 4.5 | E58: 0 | F58: 0 | H58: 근무 | K58: 근무 0830-1600
A59: 근무 0730-1330 | B59: 근무 | C59: 07:30~13:30 | D59: 5 | E59: 0 | F59: 0 | H59: 근무 | K59: 근무 0830-1630
A60: 근무 0730-1400 | B60: 근무 | C60: 07:30~14:00 | D60: 5.5 | E60: 0 | F60: 0 | H60: 근무 | K60: 근무 0830-1700
A61: 근무 0730-1430 | B61: 근무 | C61: 07:30~14:30 | D61: 6 | E61: 0 | F61: 0 | H61: 근무
A62: 근무 0730-1500 | B62: 근무 | C62: 07:30~15:00 | D62: 6.5 | E62: 0 | F62: 0 | H62: 근무
A63: 근무 0730-1530 | B63: 근무 | C63: 07:30~15:30 | D63: 7 | E63: 0 | F63: 0 | H63: 근무
A64: 근무 0730-1600 | B64: 근무 | C64: 07:30~16:00 | D64: 7.5 | E64: 0 | F64: 0 | H64: 근무
A65: 근무 0730-1700 | B65: 근무 | C65: 07:30~17:00 | D65: 8.5 | E65: 0 | F65: 1 | H65: 근무
A66: 근무 0730-1730 | B66: 근무 | C66: 07:30~17:30 | D66: 9 | E66: 0 | F66: 1 | H66: 근무
A67: 근무 0730-1800 | B67: 근무 | C67: 07:30~18:00 | D67: 9.5 | E67: 0 | F67: 1 | H67: 근무
A68: 근무 0730-1830 | B68: 근무 | C68: 07:30~18:30 | D68: 9.5 | E68: 0 | F68: 1 | H68: 근무
A69: 근무 0730-1900 | B69: 근무 | C69: 07:30~19:00 | D69: 10 | E69: 0 | F69: 1 | H69: 근무
A70: 근무 0730-1930 | B70: 근무 | C70: 07:30~19:30 | D70: 10.5 | E70: 0 | F70: 1 | H70: 근무
A71: 근무 0730-2000 | B71: 근무 | C71: 07:30~20:00 | D71: 11 | E71: 0 | F71: 1 | H71: 근무
A72: 근무 0730-2030 | B72: 근무 | C72: 07:30~20:30 | D72: 11.5 | E72: 0 | F72: 1 | H72: 근무
... A106: 근무 0830-2030 | B106: 근무 | C106: 08:30~20:30 | D106: 10.5 | E106: 0 | F106: 1 | H106: 근무
A107: 휴직 | B107: 휴직 | D107: 0 | E107: 0 | F107: 0 | H107: 휴가·사외

Sheet 시간
D1: 시간 (계산용) — 근태 시트를 조합표와 대조한 값입니다
D2: 이 시트는 직접 고치지 마세요
A3: 주 | D3: =IF(D4="","",INT((D4-1+MOD(WEEKDAY(DATE(근태!$B$1,근태!$B$2,1))+5,7))/7)+1) | E3: =IF(E4="","",INT((E4-1+MOD(WEEKDAY(DATE(근태!$B$1,근태!$B$2,1))+5,7))/7)+1) | F3: =IF(F4="","",INT((F4-1+MOD(WEEKDAY(DATE(근태!$B$1,근태!$B$2,1))+5,7))/7)+1) | G3: =IF(G4="","",INT((G4-1+MOD(WEEKDAY(DATE(근태!$B$1,근태!$B$2,1))+5,7))/7)+1) | H3: =IF(H4="","",INT((H4-1+MOD(WEEKDAY(DATE(근태!$B$1,근태!$B$2,1))+5,7))/7)+1) | I3: =IF(I4="","",INT((I4-1+MOD(WEEKDAY(DATE(근태!$B$1,근태!$B$2,1))+5,7))/7)+1) | J3: =IF(J4="","",INT((J4-1+MOD(WEEKDAY(DATE(근태!$B$1,근태!$B$2,1))+5,7))/7)+1) | K3: =IF(K4="","",INT((K4-1+MOD(WEEKDAY(DATE(근태!$B$1,근태!$B$2,1))+5,7))/7)+1) | ... AH3: =IF(AH4="","",INT((AH4-1+MOD(WEEKDAY(DATE(근태!$B$1,근태!$B$2,1))+5,7))/7)+1)
D4: =IF(MONTH(DATE(근태!$B$1,근태!$B$2,1))<>근태!$B$2,"",1) | E4: =IF(MONTH(DATE(근태!$B$1,근태!$B$2,2))<>근태!$B$2,"",2) | F4: =IF(MONTH(DATE(근태!$B$1,근태!$B$2,3))<>근태!$B$2,"",3) | G4: =IF(MONTH(DATE(근태!$B$1,근태!$B$2,4))<>근태!$B$2,"",4) | H4: =IF(MONTH(DATE(근태!$B$1,근태!$B$2,5))<>근태!$B$2,"",5) | I4: =IF(MONTH(DATE(근태!$B$1,근태!$B$2,6))<>근태!$B$2,"",6) | J4: =IF(MONTH(DATE(근태!$B$1,근태!$B$2,7))<>근태!$B$2,"",7) | K4: =IF(MONTH(DATE(근태!$B$1,근태!$B$2,8))<>근태!$B$2,"",8) | L4: =IF(MONTH(DATE(근태!$B$1,근태!$B$2,9))<>근태!$B$2,"",9) | M4: =IF(MONTH(DATE(근태!$B$1,근태!$B$2,10))<>근태!$B$2,"",10) | N4: =IF(MONTH(DATE(근태!$B$1,근태!$B$2,11))<>근태!$B$2,"",11) | O4: =IF(MONTH(DATE(근태!$B$1,근태!$B$2,12))<>근태!$B$2,"",12) | P4: =IF(MONTH(DATE(근태!$B$1,근태!$B$2,13))<>근태!$B$2,"",13) | Q4: =IF(MONTH(DATE(근태!$B$1,근태!$B$2,14))<>근태!$B$2,"",14) | R4: =IF(MONTH(DATE(근태!$B$1,근태!$B$2,15))<>근태!$B$2,"",15) | S4: =IF(MONTH(DATE(근태!$B$1,근태!$B$2,16))<>근태!$B$2,"",16) | T4: =IF(MONTH(DATE(근태!$B$1,근태!$B$2,17))<>근태!$B$2,"",17) | U4: =IF(MONTH(DATE(근태!$B$1,근태!$B$2,18))<>근태!$B$2,"",18) | V4: =IF(MONTH(DATE(근태!$B$1,근태!$B$2,19))<>근태!$B$2,"",19) | W4: =IF(MONTH(DATE(근태!$B$1,근태!$B$2,20))<>근태!$B$2,"",20) | X4: =IF(MONTH(DATE(근태!$B$1,근태!$B$2,21))<>근태!$B$2,"",21) | Y4: =IF(MONTH(DATE(근태!$B$1,근태!$B$2,22))<>근태!$B$2,"",22) | Z4: =IF(MONTH(DATE(근태!$B$1,근태!$B$2,23))<>근태!$B$2,"",23) | AA4: =IF(MONTH(DATE(근태!$B$1,근태!$B$2,24))<>근태!$B$2,"",24) | AB4: =IF(MONTH(DATE(근태!$B$1,근태!$B$2,25))<>근태!$B$2,"",25) | AC4: =IF(MONTH(DATE(근태!$B$1,근태!$B$2,26))<>근태!$B$2,"",26) | AD4: =IF(MONTH(DATE(근태!$B$1,근태!$B$2,27))<>근태!$B$2,"",27) | AE4: =IF(MONTH(DATE(근태!$B$1,근태!$B$2,28))<>근태!$B$2,"",28) | AF4: =IF(MONTH(DATE(근태!$B$1,근태!$B$2,29))<>근태!$B$2,"",29) | AG4: =IF(MONTH(DATE(근태!$B$1,근태!$B$2,30))<>근태!$B$2,"",30) | AH4: =IF(MONTH(DATE(근태!$B$1,근태!$B$2,31))<>근태!$B$2,"",31)
D5: =IF(D$4="","",INDEX(코드!$M$2:$M$8,WEEKDAY(DATE(근태!$B$1,근태!$B$2,D$4)))) | E5: =IF(E$4="","",INDEX(코드!$M$2:$M$8,WEEKDAY(DATE(근태!$B$1,근태!$B$2,E$4)))) | F5: =IF(F$4="","",INDEX(코드!$M$2:$M$8,WEEKDAY(DATE(근태!$B$1,근태!$B$2,F$4)))) | G5: =IF(G$4="","",INDEX(코드!$M$2:$M$8,WEEKDAY(DATE(근태!$B$1,근태!$B$2,G$4)))) | H5: =IF(H$4="","",INDEX(코드!$M$2:$M$8,WEEKDAY(DATE(근태!$B$1,근태!$B$2,H$4)))) | I5: =IF(I$4="","",INDEX(코드!$M$2:$M$8,WEEKDAY(DATE(근태!$B$1,근태!$B$2,I$4)))) | J5: =IF(J$4="","",INDEX(코드!$M$2:$M$8,WEEKDAY(DATE(근태!$B$1,근태!$B$2,J$4)))) | K5: =IF(K$4="","",INDEX(코드!$M$2:$M$8,WEEKDAY(DATE(근태!$B$1,근태!$B$2,K$4)))) | ... AH5: =IF(AH$4="","",INDEX(코드!$M$2:$M$8,WEEKDAY(DATE(근태!$B$1,근태!$B$2,AH$4))))
D6: =IF(D$4="","",IF(OR(WEEKDAY(DATE(근태!$B$1,근태!$B$2,D$4),2)>5,COUNTIF(공휴일!$A$2:$A$400,DATE(근태!$B$1,근태!$B$2,D$4))>0),"휴일","")) | E6: =IF(E$4="","",IF(OR(WEEKDAY(DATE(근태!$B$1,근태!$B$2,E$4),2)>5,COUNTIF(공휴일!$A$2:$A$400,DATE(근태!$B$1,근태!$B$2,E$4))>0),"휴일","")) | F6: =IF(F$4="","",IF(OR(WEEKDAY(DATE(근태!$B$1,근태!$B$2,F$4),2)>5,COUNTIF(공휴일!$A$2:$A$400,DATE(근태!$B$1,근태!$B$2,F$4))>0),"휴일","")) | G6: =IF(G$4="","",IF(OR(WEEKDAY(DATE(근태!$B$1,근태!$B$2,G$4),2)>5,COUNTIF(공휴일!$A$2:$A$400,DATE(근태!$B$1,근태!$B$2,G$4))>0),"휴일","")) | H6: =IF(H$4="","",IF(OR(WEEKDAY(DATE(근태!$B$1,근태!$B$2,H$4),2)>5,COUNTIF(공휴일!$A$2:$A$400,DATE(근태!$B$1,근태!$B$2,H$4))>0),"휴일","")) | I6: =IF(I$4="","",IF(OR(WEEKDAY(DATE(근태!$B$1,근태!$B$2,I$4),2)>5,COUNTIF(공휴일!$A$2:$A$400,DATE(근태!$B$1,근태!$B$2,I$4))>0),"휴일","")) | J6: =IF(J$4="","",IF(OR(WEEKDAY(DATE(근태!$B$1,근태!$B$2,J$4),2)>5,COUNTIF(공휴일!$A$2:$A$400,DATE(근태!$B$1,근태!$B$2,J$4))>0),"휴일","")) | K6: =IF(K$4="","",IF(OR(WEEKDAY(DATE(근태!$B$1,근태!$B$2,K$4),2)>5,COUNTIF(공휴일!$A$2:$A$400,DATE(근태!$B$1,근태!$B$2,K$4))>0),"휴일","")) | ... AH6: =IF(AH$4="","",IF(OR(WEEKDAY(DATE(근태!$B$1,근태!$B$2,AH$4),2)>5,COUNTIF(공휴일!$A$2:$A$400,DATE(근태!$B$1,근태!$B$2,AH$4))>0),"휴일",""))
A7: 키 | B7: 파트 | C7: 그룹
A8: =IF(명부!A2="","",명부!A2) | B8: =IF(명부!C2="","",명부!C2) | C8: =IF(명부!E2="","",명부!E2) | D8: =IF(근태!D8="","",IF(근태!E8="",근태!D8,근태!D8&" "&SUBSTITUTE(근태!E8,":","")&"-"&SUBSTITUTE(근태!F8,":",""))) | E8: =IF(근태!G8="","",IF(근태!H8="",근태!G8,근태!G8&" "&SUBSTITUTE(근태!H8,":","")&"-"&SUBSTITUTE(근태!I8,":",""))) | F8: =IF(근태!J8="","",IF(근태!K8="",근태!J8,근태!J8&" "&SUBSTITUTE(근태!K8,":","")&"-"&SUBSTITUTE(근태!L8,":",""))) | G8: =IF(근태!M8="","",IF(근태!N8="",근태!M8,근태!M8&" "&SUBSTITUTE(근태!N8,":","")&"-"&SUBSTITUTE(근태!O8,":",""))) | H8: =IF(근태!P8="","",IF(근태!Q8="",근태!P8,근태!P8&" "&SUBSTITUTE(근태!Q8,":","")&"-"&SUBSTITUTE(근태!R8,":",""))) | I8: =IF(근태!S8="","",IF(근태!T8="",근태!S8,근태!S8&" "&SUBSTITUTE(근태!T8,":","")&"-"&SUBSTITUTE(근태!U8,":",""))) | J8: =IF(근태!V8="","",IF(근태!W8="",근태!V8,근태!V8&" "&SUBSTITUTE(근태!W8,":","")&"-"&SUBSTITUTE(근태!X8,":",""))) | K8: =IF(근태!Y8="","",IF(근태!Z8="",근태!Y8,근태!Y8&" "&SUBSTITUTE(근태!Z8,":","")&"-"&SUBSTITUTE(근태!AA8,":",""))) | L8: =IF(근태!AB8="","",IF(근태!AC8="",근태!AB8,근태!AB8&" "&SUBSTITUTE(근태!AC8,":","")&"-"&SUBSTITUTE(근태!AD8,":",""))) | M8: =IF(근태!AE8="","",IF(근태!AF8="",근태!AE8,근태!AE8&" "&SUBSTITUTE(근태!AF8,":","")&"-"&SUBSTITUTE(근태!AG8,":",""))) | N8: =IF(근태!AH8="","",IF(근태!AI8="",근태!AH8,근태!AH8&" "&SUBSTITUTE(근태!AI8,":","")&"-"&SUBSTITUTE(근태!AJ8,":",""))) | O8: =IF(근태!AK8="","",IF(근태!AL8="",근태!AK8,근태!AK8&" "&SUBSTITUTE(근태!AL8,":","")&"-"&SUBSTITUTE(근태!AM8,":",""))) | P8: =IF(근태!AN8="","",IF(근태!AO8="",근태!AN8,근태!AN8&" "&SUBSTITUTE(근태!AO8,":","")&"-"&SUBSTITUTE(근태!AP8,":",""))) | Q8: =IF(근태!AQ8="","",IF(근태!AR8="",근태!AQ8,근태!AQ8&" "&SUBSTITUTE(근태!AR8,":","")&"-"&SUBSTITUTE(근태!AS8,":",""))) | R8: =IF(근태!AT8="","",IF(근태!AU8="",근태!AT8,근태!AT8&" "&SUBSTITUTE(근태!AU8,":","")&"-"&SUBSTITUTE(근태!AV8,":",""))) | S8: =IF(근태!AW8="","",IF(근태!AX8="",근태!AW8,근태!AW8&" "&SUBSTITUTE(근태!AX8,":","")&"-"&SUBSTITUTE(근태!AY8,":",""))) | T8: =IF(근태!AZ8="","",IF(근태!BA8="",근태!AZ8,근태!AZ8&" "&SUBSTITUTE(근태!BA8,":","")&"-"&SUBSTITUTE(근태!BB8,":",""))) | U8: =IF(근태!BC8="","",IF(근태!BD8="",근태!BC8,근태!BC8&" "&SUBSTITUTE(근태!BD8,":","")&"-"&SUBSTITUTE(근태!BE8,":",""))) | V8: =IF(근태!BF8="","",IF(근태!BG8="",근태!BF8,근태!BF8&" "&SUBSTITUTE(근태!BG8,":","")&"-"&SUBSTITUTE(근태!BH8,":",""))) | W8: =IF(근태!BI8="","",IF(근태!BJ8="",근태!BI8,근태!BI8&" "&SUBSTITUTE(근태!BJ8,":","")&"-"&SUBSTITUTE(근태!BK8,":",""))) | X8: =IF(근태!BL8="","",IF(근태!BM8="",근태!BL8,근태!BL8&" "&SUBSTITUTE(근태!BM8,":","")&"-"&SUBSTITUTE(근태!BN8,":",""))) | Y8: =IF(근태!BO8="","",IF(근태!BP8="",근태!BO8,근태!BO8&" "&SUBSTITUTE(근태!BP8,":","")&"-"&SUBSTITUTE(근태!BQ8,":",""))) | Z8: =IF(근태!BR8="","",IF(근태!BS8="",근태!BR8,근태!BR8&" "&SUBSTITUTE(근태!BS8,":","")&"-"&SUBSTITUTE(근태!BT8,":",""))) | AA8: =IF(근태!BU8="","",IF(근태!BV8="",근태!BU8,근태!BU8&" "&SUBSTITUTE(근태!BV8,":","")&"-"&SUBSTITUTE(근태!BW8,":",""))) | AB8: =IF(근태!BX8="","",IF(근태!BY8="",근태!BX8,근태!BX8&" "&SUBSTITUTE(근태!BY8,":","")&"-"&SUBSTITUTE(근태!BZ8,":",""))) | AC8: =IF(근태!CA8="","",IF(근태!CB8="",근태!CA8,근태!CA8&" "&SUBSTITUTE(근태!CB8,":","")&"-"&SUBSTITUTE(근태!CC8,":",""))) | AD8: =IF(근태!CD8="","",IF(근태!CE8="",근태!CD8,근태!CD8&" "&SUBSTITUTE(근태!CE8,":","")&"-"&SUBSTITUTE(근태!CF8,":",""))) | AE8: =IF(근태!CG8="","",IF(근태!CH8="",근태!CG8,근태!CG8&" "&SUBSTITUTE(근태!CH8,":","")&"-"&SUBSTITUTE(근태!CI8,":",""))) | AF8: =IF(근태!CJ8="","",IF(근태!CK8="",근태!CJ8,근태!CJ8&" "&SUBSTITUTE(근태!CK8,":","")&"-"&SUBSTITUTE(근태!CL8,":",""))) | AG8: =IF(근태!CM8="","",IF(근태!CN8="",근태!CM8,근태!CM8&" "&SUBSTITUTE(근태!CN8,":","")&"-"&SUBSTITUTE(근태!CO8,":",""))) | AH8: =IF(근태!CP8="","",IF(근태!CQ8="",근태!CP8,근태!CP8&" "&SUBSTITUTE(근태!CQ8,":","")&"-"&SUBSTITUTE(근태!CR8,":","")))
A9: =IF(명부!A3="","",명부!A3) | B9: =IF(명부!C3="","",명부!C3) | C9: =IF(명부!E3="","",명부!E3) | D9: =IF(근태!D9="","",IF(근태!E9="",근태!D9,근태!D9&" "&SUBSTITUTE(근태!E9,":","")&"-"&SUBSTITUTE(근태!F9,":",""))) | E9: =IF(근태!G9="","",IF(근태!H9="",근태!G9,근태!G9&" "&SUBSTITUTE(근태!H9,":","")&"-"&SUBSTITUTE(근태!I9,":",""))) | F9: =IF(근태!J9="","",IF(근태!K9="",근태!J9,근태!J9&" "&SUBSTITUTE(근태!K9,":","")&"-"&SUBSTITUTE(근태!L9,":",""))) | G9: =IF(근태!M9="","",IF(근태!N9="",근태!M9,근태!M9&" "&SUBSTITUTE(근태!N9,":","")&"-"&SUBSTITUTE(근태!O9,":",""))) | H9: =IF(근태!P9="","",IF(근태!Q9="",근태!P9,근태!P9&" "&SUBSTITUTE(근태!Q9,":","")&"-"&SUBSTITUTE(근태!R9,":",""))) | I9: =IF(근태!S9="","",IF(근태!T9="",근태!S9,근태!S9&" "&SUBSTITUTE(근태!T9,":","")&"-"&SUBSTITUTE(근태!U9,":",""))) | J9: =IF(근태!V9="","",IF(근태!W9="",근태!V9,근태!V9&" "&SUBSTITUTE(근태!W9,":","")&"-"&SUBSTITUTE(근태!X9,":",""))) | K9: =IF(근태!Y9="","",IF(근태!Z9="",근태!Y9,근태!Y9&" "&SUBSTITUTE(근태!Z9,":","")&"-"&SUBSTITUTE(근태!AA9,":",""))) | L9: =IF(근태!AB9="","",IF(근태!AC9="",근태!AB9,근태!AB9&" "&SUBSTITUTE(근태!AC9,":","")&"-"&SUBSTITUTE(근태!AD9,":",""))) | M9: =IF(근태!AE9="","",IF(근태!AF9="",근태!AE9,근태!AE9&" "&SUBSTITUTE(근태!AF9,":","")&"-"&SUBSTITUTE(근태!AG9,":",""))) | N9: =IF(근태!AH9="","",IF(근태!AI9="",근태!AH9,근태!AH9&" "&SUBSTITUTE(근태!AI9,":","")&"-"&SUBSTITUTE(근태!AJ9,":",""))) | O9: =IF(근태!AK9="","",IF(근태!AL9="",근태!AK9,근태!AK9&" "&SUBSTITUTE(근태!AL9,":","")&"-"&SUBSTITUTE(근태!AM9,":",""))) | P9: =IF(근태!AN9="","",IF(근태!AO9="",근태!AN9,근태!AN9&" "&SUBSTITUTE(근태!AO9,":","")&"-"&SUBSTITUTE(근태!AP9,":",""))) | Q9: =IF(근태!AQ9="","",IF(근태!AR9="",근태!AQ9,근태!AQ9&" "&SUBSTITUTE(근태!AR9,":","")&"-"&SUBSTITUTE(근태!AS9,":",""))) | R9: =IF(근태!AT9="","",IF(근태!AU9="",근태!AT9,근태!AT9&" "&SUBSTITUTE(근태!AU9,":","")&"-"&SUBSTITUTE(근태!AV9,":",""))) | S9: =IF(근태!AW9="","",IF(근태!AX9="",근태!AW9,근태!AW9&" "&SUBSTITUTE(근태!AX9,":","")&"-"&SUBSTITUTE(근태!AY9,":",""))) | T9: =IF(근태!AZ9="","",IF(근태!BA9="",근태!AZ9,근태!AZ9&" "&SUBSTITUTE(근태!BA9,":","")&"-"&SUBSTITUTE(근태!BB9,":",""))) | U9: =IF(근태!BC9="","",IF(근태!BD9="",근태!BC9,근태!BC9&" "&SUBSTITUTE(근태!BD9,":","")&"-"&SUBSTITUTE(근태!BE9,":",""))) | V9: =IF(근태!BF9="","",IF(근태!BG9="",근태!BF9,근태!BF9&" "&SUBSTITUTE(근태!BG9,":","")&"-"&SUBSTITUTE(근태!BH9,":",""))) | W9: =IF(근태!BI9="","",IF(근태!BJ9="",근태!BI9,근태!BI9&" "&SUBSTITUTE(근태!BJ9,":","")&"-"&SUBSTITUTE(근태!BK9,":",""))) | X9: =IF(근태!BL9="","",IF(근태!BM9="",근태!BL9,근태!BL9&" "&SUBSTITUTE(근태!BM9,":","")&"-"&SUBSTITUTE(근태!BN9,":",""))) | Y9: =IF(근태!BO9="","",IF(근태!BP9="",근태!BO9,근태!BO9&" "&SUBSTITUTE(근태!BP9,":","")&"-"&SUBSTITUTE(근태!BQ9,":",""))) | Z9: =IF(근태!BR9="","",IF(근태!BS9="",근태!BR9,근태!BR9&" "&SUBSTITUTE(근태!BS9,":","")&"-"&SUBSTITUTE(근태!BT9,":",""))) | AA9: =IF(근태!BU9="","",IF(근태!BV9="",근태!BU9,근태!BU9&" "&SUBSTITUTE(근태!BV9,":","")&"-"&SUBSTITUTE(근태!BW9,":",""))) | AB9: =IF(근태!BX9="","",IF(근태!BY9="",근태!BX9,근태!BX9&" "&SUBSTITUTE(근태!BY9,":","")&"-"&SUBSTITUTE(근태!BZ9,":",""))) | AC9: =IF(근태!CA9="","",IF(근태!CB9="",근태!CA9,근태!CA9&" "&SUBSTITUTE(근태!CB9,":","")&"-"&SUBSTITUTE(근태!CC9,":",""))) | AD9: =IF(근태!CD9="","",IF(근태!CE9="",근태!CD9,근태!CD9&" "&SUBSTITUTE(근태!CE9,":","")&"-"&SUBSTITUTE(근태!CF9,":",""))) | AE9: =IF(근태!CG9="","",IF(근태!CH9="",근태!CG9,근태!CG9&" "&SUBSTITUTE(근태!CH9,":","")&"-"&SUBSTITUTE(근태!CI9,":",""))) | AF9: =IF(근태!CJ9="","",IF(근태!CK9="",근태!CJ9,근태!CJ9&" "&SUBSTITUTE(근태!CK9,":","")&"-"&SUBSTITUTE(근태!CL9,":",""))) | AG9: =IF(근태!CM9="","",IF(근태!CN9="",근태!CM9,근태!CM9&" "&SUBSTITUTE(근태!CN9,":","")&"-"&SUBSTITUTE(근태!CO9,":",""))) | AH9: =IF(근태!CP9="","",IF(근태!CQ9="",근태!CP9,근태!CP9&" "&SUBSTITUTE(근태!CQ9,":","")&"-"&SUBSTITUTE(근태!CR9,":","")))
A10: =IF(명부!A4="","",명부!A4) | B10: =IF(명부!C4="","",명부!C4) | C10: =IF(명부!E4="","",명부!E4) | D10: =IF(근태!D10="","",IF(근태!E10="",근태!D10,근태!D10&" "&SUBSTITUTE(근태!E10,":","")&"-"&SUBSTITUTE(근태!F10,":",""))) | E10: =IF(근태!G10="","",IF(근태!H10="",근태!G10,근태!G10&" "&SUBSTITUTE(근태!H10,":","")&"-"&SUBSTITUTE(근태!I10,":",""))) | F10: =IF(근태!J10="","",IF(근태!K10="",근태!J10,근태!J10&" "&SUBSTITUTE(근태!K10,":","")&"-"&SUBSTITUTE(근태!L10,":",""))) | G10: =IF(근태!M10="","",IF(근태!N10="",근태!M10,근태!M10&" "&SUBSTITUTE(근태!N10,":","")&"-"&SUBSTITUTE(근태!O10,":",""))) | H10: =IF(근태!P10="","",IF(근태!Q10="",근태!P10,근태!P10&" "&SUBSTITUTE(근태!Q10,":","")&"-"&SUBSTITUTE(근태!R10,":",""))) | I10: =IF(근태!S10="","",IF(근태!T10="",근태!S10,근태!S10&" "&SUBSTITUTE(근태!T10,":","")&"-"&SUBSTITUTE(근태!U10,":",""))) | J10: =IF(근태!V10="","",IF(근태!W10="",근태!V10,근태!V10&" "&SUBSTITUTE(근태!W10,":","")&"-"&SUBSTITUTE(근태!X10,":",""))) | K10: =IF(근태!Y10="","",IF(근태!Z10="",근태!Y10,근태!Y10&" "&SUBSTITUTE(근태!Z10,":","")&"-"&SUBSTITUTE(근태!AA10,":",""))) | L10: =IF(근태!AB10="","",IF(근태!AC10="",근태!AB10,근태!AB10&" "&SUBSTITUTE(근태!AC10,":","")&"-"&SUBSTITUTE(근태!AD10,":",""))) | M10: =IF(근태!AE10="","",IF(근태!AF10="",근태!AE10,근태!AE10&" "&SUBSTITUTE(근태!AF10,":","")&"-"&SUBSTITUTE(근태!AG10,":",""))) | N10: =IF(근태!AH10="","",IF(근태!AI10="",근태!AH10,근태!AH10&" "&SUBSTITUTE(근태!AI10,":","")&"-"&SUBSTITUTE(근태!AJ10,":",""))) | O10: =IF(근태!AK10="","",IF(근태!AL10="",근태!AK10,근태!AK10&" "&SUBSTITUTE(근태!AL10,":","")&"-"&SUBSTITUTE(근태!AM10,":",""))) | P10: =IF(근태!AN10="","",IF(근태!AO10="",근태!AN10,근태!AN10&" "&SUBSTITUTE(근태!AO10,":","")&"-"&SUBSTITUTE(근태!AP10,":",""))) | Q10: =IF(근태!AQ10="","",IF(근태!AR10="",근태!AQ10,근태!AQ10&" "&SUBSTITUTE(근태!AR10,":","")&"-"&SUBSTITUTE(근태!AS10,":",""))) | R10: =IF(근태!AT10="","",IF(근태!AU10="",근태!AT10,근태!AT10&" "&SUBSTITUTE(근태!AU10,":","")&"-"&SUBSTITUTE(근태!AV10,":",""))) | S10: =IF(근태!AW10="","",IF(근태!AX10="",근태!AW10,근태!AW10&" "&SUBSTITUTE(근태!AX10,":","")&"-"&SUBSTITUTE(근태!AY10,":",""))) | T10: =IF(근태!AZ10="","",IF(근태!BA10="",근태!AZ10,근태!AZ10&" "&SUBSTITUTE(근태!BA10,":","")&"-"&SUBSTITUTE(근태!BB10,":",""))) | U10: =IF(근태!BC10="","",IF(근태!BD10="",근태!BC10,근태!BC10&" "&SUBSTITUTE(근태!BD10,":","")&"-"&SUBSTITUTE(근태!BE10,":",""))) | V10: =IF(근태!BF10="","",IF(근태!BG10="",근태!BF10,근태!BF10&" "&SUBSTITUTE(근태!BG10,":","")&"-"&SUBSTITUTE(근태!BH10,":",""))) | W10: =IF(근태!BI10="","",IF(근태!BJ10="",근태!BI10,근태!BI10&" "&SUBSTITUTE(근태!BJ10,":","")&"-"&SUBSTITUTE(근태!BK10,":",""))) | X10: =IF(근태!BL10="","",IF(근태!BM10="",근태!BL10,근태!BL10&" "&SUBSTITUTE(근태!BM10,":","")&"-"&SUBSTITUTE(근태!BN10,":",""))) | Y10: =IF(근태!BO10="","",IF(근태!BP10="",근태!BO10,근태!BO10&" "&SUBSTITUTE(근태!BP10,":","")&"-"&SUBSTITUTE(근태!BQ10,":",""))) | Z10: =IF(근태!BR10="","",IF(근태!BS10="",근태!BR10,근태!BR10&" "&SUBSTITUTE(근태!BS10,":","")&"-"&SUBSTITUTE(근태!BT10,":",""))) | AA10: =IF(근태!BU10="","",IF(근태!BV10="",근태!BU10,근태!BU10&" "&SUBSTITUTE(근태!BV10,":","")&"-"&SUBSTITUTE(근태!BW10,":",""))) | AB10: =IF(근태!BX10="","",IF(근태!BY10="",근태!BX10,근태!BX10&" "&SUBSTITUTE(근태!BY10,":","")&"-"&SUBSTITUTE(근태!BZ10,":",""))) | AC10: =IF(근태!CA10="","",IF(근태!CB10="",근태!CA10,근태!CA10&" "&SUBSTITUTE(근태!CB10,":","")&"-"&SUBSTITUTE(근태!CC10,":",""))) | AD10: =IF(근태!CD10="","",IF(근태!CE10="",근태!CD10,근태!CD10&" "&SUBSTITUTE(근태!CE10,":","")&"-"&SUBSTITUTE(근태!CF10,":",""))) | AE10: =IF(근태!CG10="","",IF(근태!CH10="",근태!CG10,근태!CG10&" "&SUBSTITUTE(근태!CH10,":","")&"-"&SUBSTITUTE(근태!CI10,":",""))) | AF10: =IF(근태!CJ10="","",IF(근태!CK10="",근태!CJ10,근태!CJ10&" "&SUBSTITUTE(근태!CK10,":","")&"-"&SUBSTITUTE(근태!CL10,":",""))) | AG10: =IF(근태!CM10="","",IF(근태!CN10="",근태!CM10,근태!CM10&" "&SUBSTITUTE(근태!CN10,":","")&"-"&SUBSTITUTE(근태!CO10,":",""))) | AH10: =IF(근태!CP10="","",IF(근태!CQ10="",근태!CP10,근태!CP10&" "&SUBSTITUTE(근태!CQ10,":","")&"-"&SUBSTITUTE(근태!CR10,":","")))
A11: =IF(명부!A5="","",명부!A5) | B11: =IF(명부!C5="","",명부!C5) | C11: =IF(명부!E5="","",명부!E5) | D11: =IF(근태!D11="","",IF(근태!E11="",근태!D11,근태!D11&" "&SUBSTITUTE(근태!E11,":","")&"-"&SUBSTITUTE(근태!F11,":",""))) | E11: =IF(근태!G11="","",IF(근태!H11="",근태!G11,근태!G11&" "&SUBSTITUTE(근태!H11,":","")&"-"&SUBSTITUTE(근태!I11,":",""))) | F11: =IF(근태!J11="","",IF(근태!K11="",근태!J11,근태!J11&" "&SUBSTITUTE(근태!K11,":","")&"-"&SUBSTITUTE(근태!L11,":",""))) | G11: =IF(근태!M11="","",IF(근태!N11="",근태!M11,근태!M11&" "&SUBSTITUTE(근태!N11,":","")&"-"&SUBSTITUTE(근태!O11,":",""))) | H11: =IF(근태!P11="","",IF(근태!Q11="",근태!P11,근태!P11&" "&SUBSTITUTE(근태!Q11,":","")&"-"&SUBSTITUTE(근태!R11,":",""))) | I11: =IF(근태!S11="","",IF(근태!T11="",근태!S11,근태!S11&" "&SUBSTITUTE(근태!T11,":","")&"-"&SUBSTITUTE(근태!U11,":",""))) | J11: =IF(근태!V11="","",IF(근태!W11="",근태!V11,근태!V11&" "&SUBSTITUTE(근태!W11,":","")&"-"&SUBSTITUTE(근태!X11,":",""))) | K11: =IF(근태!Y11="","",IF(근태!Z11="",근태!Y11,근태!Y11&" "&SUBSTITUTE(근태!Z11,":","")&"-"&SUBSTITUTE(근태!AA11,":",""))) | L11: =IF(근태!AB11="","",IF(근태!AC11="",근태!AB11,근태!AB11&" "&SUBSTITUTE(근태!AC11,":","")&"-"&SUBSTITUTE(근태!AD11,":",""))) | M11: =IF(근태!AE11="","",IF(근태!AF11="",근태!AE11,근태!AE11&" "&SUBSTITUTE(근태!AF11,":","")&"-"&SUBSTITUTE(근태!AG11,":",""))) | N11: =IF(근태!AH11="","",IF(근태!AI11="",근태!AH11,근태!AH11&" "&SUBSTITUTE(근태!AI11,":","")&"-"&SUBSTITUTE(근태!AJ11,":",""))) | O11: =IF(근태!AK11="","",IF(근태!AL11="",근태!AK11,근태!AK11&" "&SUBSTITUTE(근태!AL11,":","")&"-"&SUBSTITUTE(근태!AM11,":",""))) | P11: =IF(근태!AN11="","",IF(근태!AO11="",근태!AN11,근태!AN11&" "&SUBSTITUTE(근태!AO11,":","")&"-"&SUBSTITUTE(근태!AP11,":",""))) | Q11: =IF(근태!AQ11="","",IF(근태!AR11="",근태!AQ11,근태!AQ11&" "&SUBSTITUTE(근태!AR11,":","")&"-"&SUBSTITUTE(근태!AS11,":",""))) | R11: =IF(근태!AT11="","",IF(근태!AU11="",근태!AT11,근태!AT11&" "&SUBSTITUTE(근태!AU11,":","")&"-"&SUBSTITUTE(근태!AV11,":",""))) | S11: =IF(근태!AW11="","",IF(근태!AX11="",근태!AW11,근태!AW11&" "&SUBSTITUTE(근태!AX11,":","")&"-"&SUBSTITUTE(근태!AY11,":",""))) | T11: =IF(근태!AZ11="","",IF(근태!BA11="",근태!AZ11,근태!AZ11&" "&SUBSTITUTE(근태!BA11,":","")&"-"&SUBSTITUTE(근태!BB11,":",""))) | U11: =IF(근태!BC11="","",IF(근태!BD11="",근태!BC11,근태!BC11&" "&SUBSTITUTE(근태!BD11,":","")&"-"&SUBSTITUTE(근태!BE11,":",""))) | V11: =IF(근태!BF11="","",IF(근태!BG11="",근태!BF11,근태!BF11&" "&SUBSTITUTE(근태!BG11,":","")&"-"&SUBSTITUTE(근태!BH11,":",""))) | W11: =IF(근태!BI11="","",IF(근태!BJ11="",근태!BI11,근태!BI11&" "&SUBSTITUTE(근태!BJ11,":","")&"-"&SUBSTITUTE(근태!BK11,":",""))) | X11: =IF(근태!BL11="","",IF(근태!BM11="",근태!BL11,근태!BL11&" "&SUBSTITUTE(근태!BM11,":","")&"-"&SUBSTITUTE(근태!BN11,":",""))) | Y11: =IF(근태!BO11="","",IF(근태!BP11="",근태!BO11,근태!BO11&" "&SUBSTITUTE(근태!BP11,":","")&"-"&SUBSTITUTE(근태!BQ11,":",""))) | Z11: =IF(근태!BR11="","",IF(근태!BS11="",근태!BR11,근태!BR11&" "&SUBSTITUTE(근태!BS11,":","")&"-"&SUBSTITUTE(근태!BT11,":",""))) | AA11: =IF(근태!BU11="","",IF(근태!BV11="",근태!BU11,근태!BU11&" "&SUBSTITUTE(근태!BV11,":","")&"-"&SUBSTITUTE(근태!BW11,":",""))) | AB11: =IF(근태!BX11="","",IF(근태!BY11="",근태!BX11,근태!BX11&" "&SUBSTITUTE(근태!BY11,":","")&"-"&SUBSTITUTE(근태!BZ11,":",""))) | AC11: =IF(근태!CA11="","",IF(근태!CB11="",근태!CA11,근태!CA11&" "&SUBSTITUTE(근태!CB11,":","")&"-"&SUBSTITUTE(근태!CC11,":",""))) | AD11: =IF(근태!CD11="","",IF(근태!CE11="",근태!CD11,근태!CD11&" "&SUBSTITUTE(근태!CE11,":","")&"-"&SUBSTITUTE(근태!CF11,":",""))) | AE11: =IF(근태!CG11="","",IF(근태!CH11="",근태!CG11,근태!CG11&" "&SUBSTITUTE(근태!CH11,":","")&"-"&SUBSTITUTE(근태!CI11,":",""))) | AF11: =IF(근태!CJ11="","",IF(근태!CK11="",근태!CJ11,근태!CJ11&" "&SUBSTITUTE(근태!CK11,":","")&"-"&SUBSTITUTE(근태!CL11,":",""))) | AG11: =IF(근태!CM11="","",IF(근태!CN11="",근태!CM11,근태!CM11&" "&SUBSTITUTE(근태!CN11,":","")&"-"&SUBSTITUTE(근태!CO11,":",""))) | AH11: =IF(근태!CP11="","",IF(근태!CQ11="",근태!CP11,근태!CP11&" "&SUBSTITUTE(근태!CQ11,":","")&"-"&SUBSTITUTE(근태!CR11,":","")))
A12: =IF(명부!A6="","",명부!A6) | B12: =IF(명부!C6="","",명부!C6) | C12: =IF(명부!E6="","",명부!E6) | D12: =IF(근태!D12="","",IF(근태!E12="",근태!D12,근태!D12&" "&SUBSTITUTE(근태!E12,":","")&"-"&SUBSTITUTE(근태!F12,":",""))) | E12: =IF(근태!G12="","",IF(근태!H12="",근태!G12,근태!G12&" "&SUBSTITUTE(근태!H12,":","")&"-"&SUBSTITUTE(근태!I12,":",""))) | F12: =IF(근태!J12="","",IF(근태!K12="",근태!J12,근태!J12&" "&SUBSTITUTE(근태!K12,":","")&"-"&SUBSTITUTE(근태!L12,":",""))) | G12: =IF(근태!M12="","",IF(근태!N12="",근태!M12,근태!M12&" "&SUBSTITUTE(근태!N12,":","")&"-"&SUBSTITUTE(근태!O12,":",""))) | H12: =IF(근태!P12="","",IF(근태!Q12="",근태!P12,근태!P12&" "&SUBSTITUTE(근태!Q12,":","")&"-"&SUBSTITUTE(근태!R12,":",""))) | I12: =IF(근태!S12="","",IF(근태!T12="",근태!S12,근태!S12&" "&SUBSTITUTE(근태!T12,":","")&"-"&SUBSTITUTE(근태!U12,":",""))) | J12: =IF(근태!V12="","",IF(근태!W12="",근태!V12,근태!V12&" "&SUBSTITUTE(근태!W12,":","")&"-"&SUBSTITUTE(근태!X12,":",""))) | K12: =IF(근태!Y12="","",IF(근태!Z12="",근태!Y12,근태!Y12&" "&SUBSTITUTE(근태!Z12,":","")&"-"&SUBSTITUTE(근태!AA12,":",""))) | L12: =IF(근태!AB12="","",IF(근태!AC12="",근태!AB12,근태!AB12&" "&SUBSTITUTE(근태!AC12,":","")&"-"&SUBSTITUTE(근태!AD12,":",""))) | M12: =IF(근태!AE12="","",IF(근태!AF12="",근태!AE12,근태!AE12&" "&SUBSTITUTE(근태!AF12,":","")&"-"&SUBSTITUTE(근태!AG12,":",""))) | N12: =IF(근태!AH12="","",IF(근태!AI12="",근태!AH12,근태!AH12&" "&SUBSTITUTE(근태!AI12,":","")&"-"&SUBSTITUTE(근태!AJ12,":",""))) | O12: =IF(근태!AK12="","",IF(근태!AL12="",근태!AK12,근태!AK12&" "&SUBSTITUTE(근태!AL12,":","")&"-"&SUBSTITUTE(근태!AM12,":",""))) | P12: =IF(근태!AN12="","",IF(근태!AO12="",근태!AN12,근태!AN12&" "&SUBSTITUTE(근태!AO12,":","")&"-"&SUBSTITUTE(근태!AP12,":",""))) | Q12: =IF(근태!AQ12="","",IF(근태!AR12="",근태!AQ12,근태!AQ12&" "&SUBSTITUTE(근태!AR12,":","")&"-"&SUBSTITUTE(근태!AS12,":",""))) | R12: =IF(근태!AT12="","",IF(근태!AU12="",근태!AT12,근태!AT12&" "&SUBSTITUTE(근태!AU12,":","")&"-"&SUBSTITUTE(근태!AV12,":",""))) | S12: =IF(근태!AW12="","",IF(근태!AX12="",근태!AW12,근태!AW12&" "&SUBSTITUTE(근태!AX12,":","")&"-"&SUBSTITUTE(근태!AY12,":",""))) | T12: =IF(근태!AZ12="","",IF(근태!BA12="",근태!AZ12,근태!AZ12&" "&SUBSTITUTE(근태!BA12,":","")&"-"&SUBSTITUTE(근태!BB12,":",""))) | U12: =IF(근태!BC12="","",IF(근태!BD12="",근태!BC12,근태!BC12&" "&SUBSTITUTE(근태!BD12,":","")&"-"&SUBSTITUTE(근태!BE12,":",""))) | V12: =IF(근태!BF12="","",IF(근태!BG12="",근태!BF12,근태!BF12&" "&SUBSTITUTE(근태!BG12,":","")&"-"&SUBSTITUTE(근태!BH12,":",""))) | W12: =IF(근태!BI12="","",IF(근태!BJ12="",근태!BI12,근태!BI12&" "&SUBSTITUTE(근태!BJ12,":","")&"-"&SUBSTITUTE(근태!BK12,":",""))) | X12: =IF(근태!BL12="","",IF(근태!BM12="",근태!BL12,근태!BL12&" "&SUBSTITUTE(근태!BM12,":","")&"-"&SUBSTITUTE(근태!BN12,":",""))) | Y12: =IF(근태!BO12="","",IF(근태!BP12="",근태!BO12,근태!BO12&" "&SUBSTITUTE(근태!BP12,":","")&"-"&SUBSTITUTE(근태!BQ12,":",""))) | Z12: =IF(근태!BR12="","",IF(근태!BS12="",근태!BR12,근태!BR12&" "&SUBSTITUTE(근태!BS12,":","")&"-"&SUBSTITUTE(근태!BT12,":",""))) | AA12: =IF(근태!BU12="","",IF(근태!BV12="",근태!BU12,근태!BU12&" "&SUBSTITUTE(근태!BV12,":","")&"-"&SUBSTITUTE(근태!BW12,":",""))) | AB12: =IF(근태!BX12="","",IF(근태!BY12="",근태!BX12,근태!BX12&" "&SUBSTITUTE(근태!BY12,":","")&"-"&SUBSTITUTE(근태!BZ12,":",""))) | AC12: =IF(근태!CA12="","",IF(근태!CB12="",근태!CA12,근태!CA12&" "&SUBSTITUTE(근태!CB12,":","")&"-"&SUBSTITUTE(근태!CC12,":",""))) | AD12: =IF(근태!CD12="","",IF(근태!CE12="",근태!CD12,근태!CD12&" "&SUBSTITUTE(근태!CE12,":","")&"-"&SUBSTITUTE(근태!CF12,":",""))) | AE12: =IF(근태!CG12="","",IF(근태!CH12="",근태!CG12,근태!CG12&" "&SUBSTITUTE(근태!CH12,":","")&"-"&SUBSTITUTE(근태!CI12,":",""))) | AF12: =IF(근태!CJ12="","",IF(근태!CK12="",근태!CJ12,근태!CJ12&" "&SUBSTITUTE(근태!CK12,":","")&"-"&SUBSTITUTE(근태!CL12,":",""))) | AG12: =IF(근태!CM12="","",IF(근태!CN12="",근태!CM12,근태!CM12&" "&SUBSTITUTE(근태!CN12,":","")&"-"&SUBSTITUTE(근태!CO12,":",""))) | AH12: =IF(근태!CP12="","",IF(근태!CQ12="",근태!CP12,근태!CP12&" "&SUBSTITUTE(근태!CQ12,":","")&"-"&SUBSTITUTE(근태!CR12,":","")))
A13: =IF(명부!A7="","",명부!A7) | B13: =IF(명부!C7="","",명부!C7) | C13: =IF(명부!E7="","",명부!E7) | D13: =IF(근태!D13="","",IF(근태!E13="",근태!D13,근태!D13&" "&SUBSTITUTE(근태!E13,":","")&"-"&SUBSTITUTE(근태!F13,":",""))) | E13: =IF(근태!G13="","",IF(근태!H13="",근태!G13,근태!G13&" "&SUBSTITUTE(근태!H13,":","")&"-"&SUBSTITUTE(근태!I13,":",""))) | F13: =IF(근태!J13="","",IF(근태!K13="",근태!J13,근태!J13&" "&SUBSTITUTE(근태!K13,":","")&"-"&SUBSTITUTE(근태!L13,":",""))) | G13: =IF(근태!M13="","",IF(근태!N13="",근태!M13,근태!M13&" "&SUBSTITUTE(근태!N13,":","")&"-"&SUBSTITUTE(근태!O13,":",""))) | H13: =IF(근태!P13="","",IF(근태!Q13="",근태!P13,근태!P13&" "&SUBSTITUTE(근태!Q13,":","")&"-"&SUBSTITUTE(근태!R13,":",""))) | I13: =IF(근태!S13="","",IF(근태!T13="",근태!S13,근태!S13&" "&SUBSTITUTE(근태!T13,":","")&"-"&SUBSTITUTE(근태!U13,":",""))) | J13: =IF(근태!V13="","",IF(근태!W13="",근태!V13,근태!V13&" "&SUBSTITUTE(근태!W13,":","")&"-"&SUBSTITUTE(근태!X13,":",""))) | K13: =IF(근태!Y13="","",IF(근태!Z13="",근태!Y13,근태!Y13&" "&SUBSTITUTE(근태!Z13,":","")&"-"&SUBSTITUTE(근태!AA13,":",""))) | L13: =IF(근태!AB13="","",IF(근태!AC13="",근태!AB13,근태!AB13&" "&SUBSTITUTE(근태!AC13,":","")&"-"&SUBSTITUTE(근태!AD13,":",""))) | M13: =IF(근태!AE13="","",IF(근태!AF13="",근태!AE13,근태!AE13&" "&SUBSTITUTE(근태!AF13,":","")&"-"&SUBSTITUTE(근태!AG13,":",""))) | N13: =IF(근태!AH13="","",IF(근태!AI13="",근태!AH13,근태!AH13&" "&SUBSTITUTE(근태!AI13,":","")&"-"&SUBSTITUTE(근태!AJ13,":",""))) | O13: =IF(근태!AK13="","",IF(근태!AL13="",근태!AK13,근태!AK13&" "&SUBSTITUTE(근태!AL13,":","")&"-"&SUBSTITUTE(근태!AM13,":",""))) | P13: =IF(근태!AN13="","",IF(근태!AO13="",근태!AN13,근태!AN13&" "&SUBSTITUTE(근태!AO13,":","")&"-"&SUBSTITUTE(근태!AP13,":",""))) | Q13: =IF(근태!AQ13="","",IF(근태!AR13="",근태!AQ13,근태!AQ13&" "&SUBSTITUTE(근태!AR13,":","")&"-"&SUBSTITUTE(근태!AS13,":",""))) | R13: =IF(근태!AT13="","",IF(근태!AU13="",근태!AT13,근태!AT13&" "&SUBSTITUTE(근태!AU13,":","")&"-"&SUBSTITUTE(근태!AV13,":",""))) | S13: =IF(근태!AW13="","",IF(근태!AX13="",근태!AW13,근태!AW13&" "&SUBSTITUTE(근태!AX13,":","")&"-"&SUBSTITUTE(근태!AY13,":",""))) | T13: =IF(근태!AZ13="","",IF(근태!BA13="",근태!AZ13,근태!AZ13&" "&SUBSTITUTE(근태!BA13,":","")&"-"&SUBSTITUTE(근태!BB13,":",""))) | U13: =IF(근태!BC13="","",IF(근태!BD13="",근태!BC13,근태!BC13&" "&SUBSTITUTE(근태!BD13,":","")&"-"&SUBSTITUTE(근태!BE13,":",""))) | V13: =IF(근태!BF13="","",IF(근태!BG13="",근태!BF13,근태!BF13&" "&SUBSTITUTE(근태!BG13,":","")&"-"&SUBSTITUTE(근태!BH13,":",""))) | W13: =IF(근태!BI13="","",IF(근태!BJ13="",근태!BI13,근태!BI13&" "&SUBSTITUTE(근태!BJ13,":","")&"-"&SUBSTITUTE(근태!BK13,":",""))) | X13: =IF(근태!BL13="","",IF(근태!BM13="",근태!BL13,근태!BL13&" "&SUBSTITUTE(근태!BM13,":","")&"-"&SUBSTITUTE(근태!BN13,":",""))) | Y13: =IF(근태!BO13="","",IF(근태!BP13="",근태!BO13,근태!BO13&" "&SUBSTITUTE(근태!BP13,":","")&"-"&SUBSTITUTE(근태!BQ13,":",""))) | Z13: =IF(근태!BR13="","",IF(근태!BS13="",근태!BR13,근태!BR13&" "&SUBSTITUTE(근태!BS13,":","")&"-"&SUBSTITUTE(근태!BT13,":",""))) | AA13: =IF(근태!BU13="","",IF(근태!BV13="",근태!BU13,근태!BU13&" "&SUBSTITUTE(근태!BV13,":","")&"-"&SUBSTITUTE(근태!BW13,":",""))) | AB13: =IF(근태!BX13="","",IF(근태!BY13="",근태!BX13,근태!BX13&" "&SUBSTITUTE(근태!BY13,":","")&"-"&SUBSTITUTE(근태!BZ13,":",""))) | AC13: =IF(근태!CA13="","",IF(근태!CB13="",근태!CA13,근태!CA13&" "&SUBSTITUTE(근태!CB13,":","")&"-"&SUBSTITUTE(근태!CC13,":",""))) | AD13: =IF(근태!CD13="","",IF(근태!CE13="",근태!CD13,근태!CD13&" "&SUBSTITUTE(근태!CE13,":","")&"-"&SUBSTITUTE(근태!CF13,":",""))) | AE13: =IF(근태!CG13="","",IF(근태!CH13="",근태!CG13,근태!CG13&" "&SUBSTITUTE(근태!CH13,":","")&"-"&SUBSTITUTE(근태!CI13,":",""))) | AF13: =IF(근태!CJ13="","",IF(근태!CK13="",근태!CJ13,근태!CJ13&" "&SUBSTITUTE(근태!CK13,":","")&"-"&SUBSTITUTE(근태!CL13,":",""))) | AG13: =IF(근태!CM13="","",IF(근태!CN13="",근태!CM13,근태!CM13&" "&SUBSTITUTE(근태!CN13,":","")&"-"&SUBSTITUTE(근태!CO13,":",""))) | AH13: =IF(근태!CP13="","",IF(근태!CQ13="",근태!CP13,근태!CP13&" "&SUBSTITUTE(근태!CQ13,":","")&"-"&SUBSTITUTE(근태!CR13,":","")))
A14: =IF(명부!A8="","",명부!A8) | B14: =IF(명부!C8="","",명부!C8) | C14: =IF(명부!E8="","",명부!E8) | D14: =IF(근태!D14="","",IF(근태!E14="",근태!D14,근태!D14&" "&SUBSTITUTE(근태!E14,":","")&"-"&SUBSTITUTE(근태!F14,":",""))) | E14: =IF(근태!G14="","",IF(근태!H14="",근태!G14,근태!G14&" "&SUBSTITUTE(근태!H14,":","")&"-"&SUBSTITUTE(근태!I14,":",""))) | F14: =IF(근태!J14="","",IF(근태!K14="",근태!J14,근태!J14&" "&SUBSTITUTE(근태!K14,":","")&"-"&SUBSTITUTE(근태!L14,":",""))) | G14: =IF(근태!M14="","",IF(근태!N14="",근태!M14,근태!M14&" "&SUBSTITUTE(근태!N14,":","")&"-"&SUBSTITUTE(근태!O14,":",""))) | H14: =IF(근태!P14="","",IF(근태!Q14="",근태!P14,근태!P14&" "&SUBSTITUTE(근태!Q14,":","")&"-"&SUBSTITUTE(근태!R14,":",""))) | I14: =IF(근태!S14="","",IF(근태!T14="",근태!S14,근태!S14&" "&SUBSTITUTE(근태!T14,":","")&"-"&SUBSTITUTE(근태!U14,":",""))) | J14: =IF(근태!V14="","",IF(근태!W14="",근태!V14,근태!V14&" "&SUBSTITUTE(근태!W14,":","")&"-"&SUBSTITUTE(근태!X14,":",""))) | K14: =IF(근태!Y14="","",IF(근태!Z14="",근태!Y14,근태!Y14&" "&SUBSTITUTE(근태!Z14,":","")&"-"&SUBSTITUTE(근태!AA14,":",""))) | L14: =IF(근태!AB14="","",IF(근태!AC14="",근태!AB14,근태!AB14&" "&SUBSTITUTE(근태!AC14,":","")&"-"&SUBSTITUTE(근태!AD14,":",""))) | M14: =IF(근태!AE14="","",IF(근태!AF14="",근태!AE14,근태!AE14&" "&SUBSTITUTE(근태!AF14,":","")&"-"&SUBSTITUTE(근태!AG14,":",""))) | N14: =IF(근태!AH14="","",IF(근태!AI14="",근태!AH14,근태!AH14&" "&SUBSTITUTE(근태!AI14,":","")&"-"&SUBSTITUTE(근태!AJ14,":",""))) | O14: =IF(근태!AK14="","",IF(근태!AL14="",근태!AK14,근태!AK14&" "&SUBSTITUTE(근태!AL14,":","")&"-"&SUBSTITUTE(근태!AM14,":",""))) | P14: =IF(근태!AN14="","",IF(근태!AO14="",근태!AN14,근태!AN14&" "&SUBSTITUTE(근태!AO14,":","")&"-"&SUBSTITUTE(근태!AP14,":",""))) | Q14: =IF(근태!AQ14="","",IF(근태!AR14="",근태!AQ14,근태!AQ14&" "&SUBSTITUTE(근태!AR14,":","")&"-"&SUBSTITUTE(근태!AS14,":",""))) | R14: =IF(근태!AT14="","",IF(근태!AU14="",근태!AT14,근태!AT14&" "&SUBSTITUTE(근태!AU14,":","")&"-"&SUBSTITUTE(근태!AV14,":",""))) | S14: =IF(근태!AW14="","",IF(근태!AX14="",근태!AW14,근태!AW14&" "&SUBSTITUTE(근태!AX14,":","")&"-"&SUBSTITUTE(근태!AY14,":",""))) | T14: =IF(근태!AZ14="","",IF(근태!BA14="",근태!AZ14,근태!AZ14&" "&SUBSTITUTE(근태!BA14,":","")&"-"&SUBSTITUTE(근태!BB14,":",""))) | U14: =IF(근태!BC14="","",IF(근태!BD14="",근태!BC14,근태!BC14&" "&SUBSTITUTE(근태!BD14,":","")&"-"&SUBSTITUTE(근태!BE14,":",""))) | V14: =IF(근태!BF14="","",IF(근태!BG14="",근태!BF14,근태!BF14&" "&SUBSTITUTE(근태!BG14,":","")&"-"&SUBSTITUTE(근태!BH14,":",""))) | W14: =IF(근태!BI14="","",IF(근태!BJ14="",근태!BI14,근태!BI14&" "&SUBSTITUTE(근태!BJ14,":","")&"-"&SUBSTITUTE(근태!BK14,":",""))) | X14: =IF(근태!BL14="","",IF(근태!BM14="",근태!BL14,근태!BL14&" "&SUBSTITUTE(근태!BM14,":","")&"-"&SUBSTITUTE(근태!BN14,":",""))) | Y14: =IF(근태!BO14="","",IF(근태!BP14="",근태!BO14,근태!BO14&" "&SUBSTITUTE(근태!BP14,":","")&"-"&SUBSTITUTE(근태!BQ14,":",""))) | Z14: =IF(근태!BR14="","",IF(근태!BS14="",근태!BR14,근태!BR14&" "&SUBSTITUTE(근태!BS14,":","")&"-"&SUBSTITUTE(근태!BT14,":",""))) | AA14: =IF(근태!BU14="","",IF(근태!BV14="",근태!BU14,근태!BU14&" "&SUBSTITUTE(근태!BV14,":","")&"-"&SUBSTITUTE(근태!BW14,":",""))) | AB14: =IF(근태!BX14="","",IF(근태!BY14="",근태!BX14,근태!BX14&" "&SUBSTITUTE(근태!BY14,":","")&"-"&SUBSTITUTE(근태!BZ14,":",""))) | AC14: =IF(근태!CA14="","",IF(근태!CB14="",근태!CA14,근태!CA14&" "&SUBSTITUTE(근태!CB14,":","")&"-"&SUBSTITUTE(근태!CC14,":",""))) | AD14: =IF(근태!CD14="","",IF(근태!CE14="",근태!CD14,근태!CD14&" "&SUBSTITUTE(근태!CE14,":","")&"-"&SUBSTITUTE(근태!CF14,":",""))) | AE14: =IF(근태!CG14="","",IF(근태!CH14="",근태!CG14,근태!CG14&" "&SUBSTITUTE(근태!CH14,":","")&"-"&SUBSTITUTE(근태!CI14,":",""))) | AF14: =IF(근태!CJ14="","",IF(근태!CK14="",근태!CJ14,근태!CJ14&" "&SUBSTITUTE(근태!CK14,":","")&"-"&SUBSTITUTE(근태!CL14,":",""))) | AG14: =IF(근태!CM14="","",IF(근태!CN14="",근태!CM14,근태!CM14&" "&SUBSTITUTE(근태!CN14,":","")&"-"&SUBSTITUTE(근태!CO14,":",""))) | AH14: =IF(근태!CP14="","",IF(근태!CQ14="",근태!CP14,근태!CP14&" "&SUBSTITUTE(근태!CQ14,":","")&"-"&SUBSTITUTE(근태!CR14,":","")))
A15: =IF(명부!A9="","",명부!A9) | B15: =IF(명부!C9="","",명부!C9) | C15: =IF(명부!E9="","",명부!E9) | D15: =IF(근태!D15="","",IF(근태!E15="",근태!D15,근태!D15&" "&SUBSTITUTE(근태!E15,":","")&"-"&SUBSTITUTE(근태!F15,":",""))) | E15: =IF(근태!G15="","",IF(근태!H15="",근태!G15,근태!G15&" "&SUBSTITUTE(근태!H15,":","")&"-"&SUBSTITUTE(근태!I15,":",""))) | F15: =IF(근태!J15="","",IF(근태!K15="",근태!J15,근태!J15&" "&SUBSTITUTE(근태!K15,":","")&"-"&SUBSTITUTE(근태!L15,":",""))) | G15: =IF(근태!M15="","",IF(근태!N15="",근태!M15,근태!M15&" "&SUBSTITUTE(근태!N15,":","")&"-"&SUBSTITUTE(근태!O15,":",""))) | H15: =IF(근태!P15="","",IF(근태!Q15="",근태!P15,근태!P15&" "&SUBSTITUTE(근태!Q15,":","")&"-"&SUBSTITUTE(근태!R15,":",""))) | I15: =IF(근태!S15="","",IF(근태!T15="",근태!S15,근태!S15&" "&SUBSTITUTE(근태!T15,":","")&"-"&SUBSTITUTE(근태!U15,":",""))) | J15: =IF(근태!V15="","",IF(근태!W15="",근태!V15,근태!V15&" "&SUBSTITUTE(근태!W15,":","")&"-"&SUBSTITUTE(근태!X15,":",""))) | K15: =IF(근태!Y15="","",IF(근태!Z15="",근태!Y15,근태!Y15&" "&SUBSTITUTE(근태!Z15,":","")&"-"&SUBSTITUTE(근태!AA15,":",""))) | L15: =IF(근태!AB15="","",IF(근태!AC15="",근태!AB15,근태!AB15&" "&SUBSTITUTE(근태!AC15,":","")&"-"&SUBSTITUTE(근태!AD15,":",""))) | M15: =IF(근태!AE15="","",IF(근태!AF15="",근태!AE15,근태!AE15&" "&SUBSTITUTE(근태!AF15,":","")&"-"&SUBSTITUTE(근태!AG15,":",""))) | N15: =IF(근태!AH15="","",IF(근태!AI15="",근태!AH15,근태!AH15&" "&SUBSTITUTE(근태!AI15,":","")&"-"&SUBSTITUTE(근태!AJ15,":",""))) | O15: =IF(근태!AK15="","",IF(근태!AL15="",근태!AK15,근태!AK15&" "&SUBSTITUTE(근태!AL15,":","")&"-"&SUBSTITUTE(근태!AM15,":",""))) | P15: =IF(근태!AN15="","",IF(근태!AO15="",근태!AN15,근태!AN15&" "&SUBSTITUTE(근태!AO15,":","")&"-"&SUBSTITUTE(근태!AP15,":",""))) | Q15: =IF(근태!AQ15="","",IF(근태!AR15="",근태!AQ15,근태!AQ15&" "&SUBSTITUTE(근태!AR15,":","")&"-"&SUBSTITUTE(근태!AS15,":",""))) | R15: =IF(근태!AT15="","",IF(근태!AU15="",근태!AT15,근태!AT15&" "&SUBSTITUTE(근태!AU15,":","")&"-"&SUBSTITUTE(근태!AV15,":",""))) | S15: =IF(근태!AW15="","",IF(근태!AX15="",근태!AW15,근태!AW15&" "&SUBSTITUTE(근태!AX15,":","")&"-"&SUBSTITUTE(근태!AY15,":",""))) | T15: =IF(근태!AZ15="","",IF(근태!BA15="",근태!AZ15,근태!AZ15&" "&SUBSTITUTE(근태!BA15,":","")&"-"&SUBSTITUTE(근태!BB15,":",""))) | U15: =IF(근태!BC15="","",IF(근태!BD15="",근태!BC15,근태!BC15&" "&SUBSTITUTE(근태!BD15,":","")&"-"&SUBSTITUTE(근태!BE15,":",""))) | V15: =IF(근태!BF15="","",IF(근태!BG15="",근태!BF15,근태!BF15&" "&SUBSTITUTE(근태!BG15,":","")&"-"&SUBSTITUTE(근태!BH15,":",""))) | W15: =IF(근태!BI15="","",IF(근태!BJ15="",근태!BI15,근태!BI15&" "&SUBSTITUTE(근태!BJ15,":","")&"-"&SUBSTITUTE(근태!BK15,":",""))) | X15: =IF(근태!BL15="","",IF(근태!BM15="",근태!BL15,근태!BL15&" "&SUBSTITUTE(근태!BM15,":","")&"-"&SUBSTITUTE(근태!BN15,":",""))) | Y15: =IF(근태!BO15="","",IF(근태!BP15="",근태!BO15,근태!BO15&" "&SUBSTITUTE(근태!BP15,":","")&"-"&SUBSTITUTE(근태!BQ15,":",""))) | Z15: =IF(근태!BR15="","",IF(근태!BS15="",근태!BR15,근태!BR15&" "&SUBSTITUTE(근태!BS15,":","")&"-"&SUBSTITUTE(근태!BT15,":",""))) | AA15: =IF(근태!BU15="","",IF(근태!BV15="",근태!BU15,근태!BU15&" "&SUBSTITUTE(근태!BV15,":","")&"-"&SUBSTITUTE(근태!BW15,":",""))) | AB15: =IF(근태!BX15="","",IF(근태!BY15="",근태!BX15,근태!BX15&" "&SUBSTITUTE(근태!BY15,":","")&"-"&SUBSTITUTE(근태!BZ15,":",""))) | AC15: =IF(근태!CA15="","",IF(근태!CB15="",근태!CA15,근태!CA15&" "&SUBSTITUTE(근태!CB15,":","")&"-"&SUBSTITUTE(근태!CC15,":",""))) | AD15: =IF(근태!CD15="","",IF(근태!CE15="",근태!CD15,근태!CD15&" "&SUBSTITUTE(근태!CE15,":","")&"-"&SUBSTITUTE(근태!CF15,":",""))) | AE15: =IF(근태!CG15="","",IF(근태!CH15="",근태!CG15,근태!CG15&" "&SUBSTITUTE(근태!CH15,":","")&"-"&SUBSTITUTE(근태!CI15,":",""))) | AF15: =IF(근태!CJ15="","",IF(근태!CK15="",근태!CJ15,근태!CJ15&" "&SUBSTITUTE(근태!CK15,":","")&"-"&SUBSTITUTE(근태!CL15,":",""))) | AG15: =IF(근태!CM15="","",IF(근태!CN15="",근태!CM15,근태!CM15&" "&SUBSTITUTE(근태!CN15,":","")&"-"&SUBSTITUTE(근태!CO15,":",""))) | AH15: =IF(근태!CP15="","",IF(근태!CQ15="",근태!CP15,근태!CP15&" "&SUBSTITUTE(근태!CQ15,":","")&"-"&SUBSTITUTE(근태!CR15,":","")))
A16: =IF(명부!A10="","",명부!A10) | B16: =IF(명부!C10="","",명부!C10) | C16: =IF(명부!E10="","",명부!E10) | D16: =IF(근태!D16="","",IF(근태!E16="",근태!D16,근태!D16&" "&SUBSTITUTE(근태!E16,":","")&"-"&SUBSTITUTE(근태!F16,":",""))) | E16: =IF(근태!G16="","",IF(근태!H16="",근태!G16,근태!G16&" "&SUBSTITUTE(근태!H16,":","")&"-"&SUBSTITUTE(근태!I16,":",""))) | F16: =IF(근태!J16="","",IF(근태!K16="",근태!J16,근태!J16&" "&SUBSTITUTE(근태!K16,":","")&"-"&SUBSTITUTE(근태!L16,":",""))) | G16: =IF(근태!M16="","",IF(근태!N16="",근태!M16,근태!M16&" "&SUBSTITUTE(근태!N16,":","")&"-"&SUBSTITUTE(근태!O16,":",""))) | H16: =IF(근태!P16="","",IF(근태!Q16="",근태!P16,근태!P16&" "&SUBSTITUTE(근태!Q16,":","")&"-"&SUBSTITUTE(근태!R16,":",""))) | I16: =IF(근태!S16="","",IF(근태!T16="",근태!S16,근태!S16&" "&SUBSTITUTE(근태!T16,":","")&"-"&SUBSTITUTE(근태!U16,":",""))) | J16: =IF(근태!V16="","",IF(근태!W16="",근태!V16,근태!V16&" "&SUBSTITUTE(근태!W16,":","")&"-"&SUBSTITUTE(근태!X16,":",""))) | K16: =IF(근태!Y16="","",IF(근태!Z16="",근태!Y16,근태!Y16&" "&SUBSTITUTE(근태!Z16,":","")&"-"&SUBSTITUTE(근태!AA16,":",""))) | L16: =IF(근태!AB16="","",IF(근태!AC16="",근태!AB16,근태!AB16&" "&SUBSTITUTE(근태!AC16,":","")&"-"&SUBSTITUTE(근태!AD16,":",""))) | M16: =IF(근태!AE16="","",IF(근태!AF16="",근태!AE16,근태!AE16&" "&SUBSTITUTE(근태!AF16,":","")&"-"&SUBSTITUTE(근태!AG16,":",""))) | N16: =IF(근태!AH16="","",IF(근태!AI16="",근태!AH16,근태!AH16&" "&SUBSTITUTE(근태!AI16,":","")&"-"&SUBSTITUTE(근태!AJ16,":",""))) | O16: =IF(근태!AK16="","",IF(근태!AL16="",근태!AK16,근태!AK16&" "&SUBSTITUTE(근태!AL16,":","")&"-"&SUBSTITUTE(근태!AM16,":",""))) | P16: =IF(근태!AN16="","",IF(근태!AO16="",근태!AN16,근태!AN16&" "&SUBSTITUTE(근태!AO16,":","")&"-"&SUBSTITUTE(근태!AP16,":",""))) | Q16: =IF(근태!AQ16="","",IF(근태!AR16="",근태!AQ16,근태!AQ16&" "&SUBSTITUTE(근태!AR16,":","")&"-"&SUBSTITUTE(근태!AS16,":",""))) | R16: =IF(근태!AT16="","",IF(근태!AU16="",근태!AT16,근태!AT16&" "&SUBSTITUTE(근태!AU16,":","")&"-"&SUBSTITUTE(근태!AV16,":",""))) | S16: =IF(근태!AW16="","",IF(근태!AX16="",근태!AW16,근태!AW16&" "&SUBSTITUTE(근태!AX16,":","")&"-"&SUBSTITUTE(근태!AY16,":",""))) | T16: =IF(근태!AZ16="","",IF(근태!BA16="",근태!AZ16,근태!AZ16&" "&SUBSTITUTE(근태!BA16,":","")&"-"&SUBSTITUTE(근태!BB16,":",""))) | U16: =IF(근태!BC16="","",IF(근태!BD16="",근태!BC16,근태!BC16&" "&SUBSTITUTE(근태!BD16,":","")&"-"&SUBSTITUTE(근태!BE16,":",""))) | V16: =IF(근태!BF16="","",IF(근태!BG16="",근태!BF16,근태!BF16&" "&SUBSTITUTE(근태!BG16,":","")&"-"&SUBSTITUTE(근태!BH16,":",""))) | W16: =IF(근태!BI16="","",IF(근태!BJ16="",근태!BI16,근태!BI16&" "&SUBSTITUTE(근태!BJ16,":","")&"-"&SUBSTITUTE(근태!BK16,":",""))) | X16: =IF(근태!BL16="","",IF(근태!BM16="",근태!BL16,근태!BL16&" "&SUBSTITUTE(근태!BM16,":","")&"-"&SUBSTITUTE(근태!BN16,":",""))) | Y16: =IF(근태!BO16="","",IF(근태!BP16="",근태!BO16,근태!BO16&" "&SUBSTITUTE(근태!BP16,":","")&"-"&SUBSTITUTE(근태!BQ16,":",""))) | Z16: =IF(근태!BR16="","",IF(근태!BS16="",근태!BR16,근태!BR16&" "&SUBSTITUTE(근태!BS16,":","")&"-"&SUBSTITUTE(근태!BT16,":",""))) | AA16: =IF(근태!BU16="","",IF(근태!BV16="",근태!BU16,근태!BU16&" "&SUBSTITUTE(근태!BV16,":","")&"-"&SUBSTITUTE(근태!BW16,":",""))) | AB16: =IF(근태!BX16="","",IF(근태!BY16="",근태!BX16,근태!BX16&" "&SUBSTITUTE(근태!BY16,":","")&"-"&SUBSTITUTE(근태!BZ16,":",""))) | AC16: =IF(근태!CA16="","",IF(근태!CB16="",근태!CA16,근태!CA16&" "&SUBSTITUTE(근태!CB16,":","")&"-"&SUBSTITUTE(근태!CC16,":",""))) | AD16: =IF(근태!CD16="","",IF(근태!CE16="",근태!CD16,근태!CD16&" "&SUBSTITUTE(근태!CE16,":","")&"-"&SUBSTITUTE(근태!CF16,":",""))) | AE16: =IF(근태!CG16="","",IF(근태!CH16="",근태!CG16,근태!CG16&" "&SUBSTITUTE(근태!CH16,":","")&"-"&SUBSTITUTE(근태!CI16,":",""))) | AF16: =IF(근태!CJ16="","",IF(근태!CK16="",근태!CJ16,근태!CJ16&" "&SUBSTITUTE(근태!CK16,":","")&"-"&SUBSTITUTE(근태!CL16,":",""))) | AG16: =IF(근태!CM16="","",IF(근태!CN16="",근태!CM16,근태!CM16&" "&SUBSTITUTE(근태!CN16,":","")&"-"&SUBSTITUTE(근태!CO16,":",""))) | AH16: =IF(근태!CP16="","",IF(근태!CQ16="",근태!CP16,근태!CP16&" "&SUBSTITUTE(근태!CQ16,":","")&"-"&SUBSTITUTE(근태!CR16,":","")))
A17: =IF(명부!A11="","",명부!A11) | B17: =IF(명부!C11="","",명부!C11) | C17: =IF(명부!E11="","",명부!E11) | D17: =IF(근태!D17="","",IF(근태!E17="",근태!D17,근태!D17&" "&SUBSTITUTE(근태!E17,":","")&"-"&SUBSTITUTE(근태!F17,":",""))) | E17: =IF(근태!G17="","",IF(근태!H17="",근태!G17,근태!G17&" "&SUBSTITUTE(근태!H17,":","")&"-"&SUBSTITUTE(근태!I17,":",""))) | F17: =IF(근태!J17="","",IF(근태!K17="",근태!J17,근태!J17&" "&SUBSTITUTE(근태!K17,":","")&"-"&SUBSTITUTE(근태!L17,":",""))) | G17: =IF(근태!M17="","",IF(근태!N17="",근태!M17,근태!M17&" "&SUBSTITUTE(근태!N17,":","")&"-"&SUBSTITUTE(근태!O17,":",""))) | H17: =IF(근태!P17="","",IF(근태!Q17="",근태!P17,근태!P17&" "&SUBSTITUTE(근태!Q17,":","")&"-"&SUBSTITUTE(근태!R17,":",""))) | I17: =IF(근태!S17="","",IF(근태!T17="",근태!S17,근태!S17&" "&SUBSTITUTE(근태!T17,":","")&"-"&SUBSTITUTE(근태!U17,":",""))) | J17: =IF(근태!V17="","",IF(근태!W17="",근태!V17,근태!V17&" "&SUBSTITUTE(근태!W17,":","")&"-"&SUBSTITUTE(근태!X17,":",""))) | K17: =IF(근태!Y17="","",IF(근태!Z17="",근태!Y17,근태!Y17&" "&SUBSTITUTE(근태!Z17,":","")&"-"&SUBSTITUTE(근태!AA17,":",""))) | L17: =IF(근태!AB17="","",IF(근태!AC17="",근태!AB17,근태!AB17&" "&SUBSTITUTE(근태!AC17,":","")&"-"&SUBSTITUTE(근태!AD17,":",""))) | M17: =IF(근태!AE17="","",IF(근태!AF17="",근태!AE17,근태!AE17&" "&SUBSTITUTE(근태!AF17,":","")&"-"&SUBSTITUTE(근태!AG17,":",""))) | N17: =IF(근태!AH17="","",IF(근태!AI17="",근태!AH17,근태!AH17&" "&SUBSTITUTE(근태!AI17,":","")&"-"&SUBSTITUTE(근태!AJ17,":",""))) | O17: =IF(근태!AK17="","",IF(근태!AL17="",근태!AK17,근태!AK17&" "&SUBSTITUTE(근태!AL17,":","")&"-"&SUBSTITUTE(근태!AM17,":",""))) | P17: =IF(근태!AN17="","",IF(근태!AO17="",근태!AN17,근태!AN17&" "&SUBSTITUTE(근태!AO17,":","")&"-"&SUBSTITUTE(근태!AP17,":",""))) | Q17: =IF(근태!AQ17="","",IF(근태!AR17="",근태!AQ17,근태!AQ17&" "&SUBSTITUTE(근태!AR17,":","")&"-"&SUBSTITUTE(근태!AS17,":",""))) | R17: =IF(근태!AT17="","",IF(근태!AU17="",근태!AT17,근태!AT17&" "&SUBSTITUTE(근태!AU17,":","")&"-"&SUBSTITUTE(근태!AV17,":",""))) | S17: =IF(근태!AW17="","",IF(근태!AX17="",근태!AW17,근태!AW17&" "&SUBSTITUTE(근태!AX17,":","")&"-"&SUBSTITUTE(근태!AY17,":",""))) | T17: =IF(근태!AZ17="","",IF(근태!BA17="",근태!AZ17,근태!AZ17&" "&SUBSTITUTE(근태!BA17,":","")&"-"&SUBSTITUTE(근태!BB17,":",""))) | U17: =IF(근태!BC17="","",IF(근태!BD17="",근태!BC17,근태!BC17&" "&SUBSTITUTE(근태!BD17,":","")&"-"&SUBSTITUTE(근태!BE17,":",""))) | V17: =IF(근태!BF17="","",IF(근태!BG17="",근태!BF17,근태!BF17&" "&SUBSTITUTE(근태!BG17,":","")&"-"&SUBSTITUTE(근태!BH17,":",""))) | W17: =IF(근태!BI17="","",IF(근태!BJ17="",근태!BI17,근태!BI17&" "&SUBSTITUTE(근태!BJ17,":","")&"-"&SUBSTITUTE(근태!BK17,":",""))) | X17: =IF(근태!BL17="","",IF(근태!BM17="",근태!BL17,근태!BL17&" "&SUBSTITUTE(근태!BM17,":","")&"-"&SUBSTITUTE(근태!BN17,":",""))) | Y17: =IF(근태!BO17="","",IF(근태!BP17="",근태!BO17,근태!BO17&" "&SUBSTITUTE(근태!BP17,":","")&"-"&SUBSTITUTE(근태!BQ17,":",""))) | Z17: =IF(근태!BR17="","",IF(근태!BS17="",근태!BR17,근태!BR17&" "&SUBSTITUTE(근태!BS17,":","")&"-"&SUBSTITUTE(근태!BT17,":",""))) | AA17: =IF(근태!BU17="","",IF(근태!BV17="",근태!BU17,근태!BU17&" "&SUBSTITUTE(근태!BV17,":","")&"-"&SUBSTITUTE(근태!BW17,":",""))) | AB17: =IF(근태!BX17="","",IF(근태!BY17="",근태!BX17,근태!BX17&" "&SUBSTITUTE(근태!BY17,":","")&"-"&SUBSTITUTE(근태!BZ17,":",""))) | AC17: =IF(근태!CA17="","",IF(근태!CB17="",근태!CA17,근태!CA17&" "&SUBSTITUTE(근태!CB17,":","")&"-"&SUBSTITUTE(근태!CC17,":",""))) | AD17: =IF(근태!CD17="","",IF(근태!CE17="",근태!CD17,근태!CD17&" "&SUBSTITUTE(근태!CE17,":","")&"-"&SUBSTITUTE(근태!CF17,":",""))) | AE17: =IF(근태!CG17="","",IF(근태!CH17="",근태!CG17,근태!CG17&" "&SUBSTITUTE(근태!CH17,":","")&"-"&SUBSTITUTE(근태!CI17,":",""))) | AF17: =IF(근태!CJ17="","",IF(근태!CK17="",근태!CJ17,근태!CJ17&" "&SUBSTITUTE(근태!CK17,":","")&"-"&SUBSTITUTE(근태!CL17,":",""))) | AG17: =IF(근태!CM17="","",IF(근태!CN17="",근태!CM17,근태!CM17&" "&SUBSTITUTE(근태!CN17,":","")&"-"&SUBSTITUTE(근태!CO17,":",""))) | AH17: =IF(근태!CP17="","",IF(근태!CQ17="",근태!CP17,근태!CP17&" "&SUBSTITUTE(근태!CQ17,":","")&"-"&SUBSTITUTE(근태!CR17,":","")))
A18: =IF(명부!A12="","",명부!A12) | B18: =IF(명부!C12="","",명부!C12) | C18: =IF(명부!E12="","",명부!E12) | D18: =IF(근태!D18="","",IF(근태!E18="",근태!D18,근태!D18&" "&SUBSTITUTE(근태!E18,":","")&"-"&SUBSTITUTE(근태!F18,":",""))) | E18: =IF(근태!G18="","",IF(근태!H18="",근태!G18,근태!G18&" "&SUBSTITUTE(근태!H18,":","")&"-"&SUBSTITUTE(근태!I18,":",""))) | F18: =IF(근태!J18="","",IF(근태!K18="",근태!J18,근태!J18&" "&SUBSTITUTE(근태!K18,":","")&"-"&SUBSTITUTE(근태!L18,":",""))) | G18: =IF(근태!M18="","",IF(근태!N18="",근태!M18,근태!M18&" "&SUBSTITUTE(근태!N18,":","")&"-"&SUBSTITUTE(근태!O18,":",""))) | H18: =IF(근태!P18="","",IF(근태!Q18="",근태!P18,근태!P18&" "&SUBSTITUTE(근태!Q18,":","")&"-"&SUBSTITUTE(근태!R18,":",""))) | I18: =IF(근태!S18="","",IF(근태!T18="",근태!S18,근태!S18&" "&SUBSTITUTE(근태!T18,":","")&"-"&SUBSTITUTE(근태!U18,":",""))) | J18: =IF(근태!V18="","",IF(근태!W18="",근태!V18,근태!V18&" "&SUBSTITUTE(근태!W18,":","")&"-"&SUBSTITUTE(근태!X18,":",""))) | K18: =IF(근태!Y18="","",IF(근태!Z18="",근태!Y18,근태!Y18&" "&SUBSTITUTE(근태!Z18,":","")&"-"&SUBSTITUTE(근태!AA18,":",""))) | L18: =IF(근태!AB18="","",IF(근태!AC18="",근태!AB18,근태!AB18&" "&SUBSTITUTE(근태!AC18,":","")&"-"&SUBSTITUTE(근태!AD18,":",""))) | M18: =IF(근태!AE18="","",IF(근태!AF18="",근태!AE18,근태!AE18&" "&SUBSTITUTE(근태!AF18,":","")&"-"&SUBSTITUTE(근태!AG18,":",""))) | N18: =IF(근태!AH18="","",IF(근태!AI18="",근태!AH18,근태!AH18&" "&SUBSTITUTE(근태!AI18,":","")&"-"&SUBSTITUTE(근태!AJ18,":",""))) | O18: =IF(근태!AK18="","",IF(근태!AL18="",근태!AK18,근태!AK18&" "&SUBSTITUTE(근태!AL18,":","")&"-"&SUBSTITUTE(근태!AM18,":",""))) | P18: =IF(근태!AN18="","",IF(근태!AO18="",근태!AN18,근태!AN18&" "&SUBSTITUTE(근태!AO18,":","")&"-"&SUBSTITUTE(근태!AP18,":",""))) | Q18: =IF(근태!AQ18="","",IF(근태!AR18="",근태!AQ18,근태!AQ18&" "&SUBSTITUTE(근태!AR18,":","")&"-"&SUBSTITUTE(근태!AS18,":",""))) | R18: =IF(근태!AT18="","",IF(근태!AU18="",근태!AT18,근태!AT18&" "&SUBSTITUTE(근태!AU18,":","")&"-"&SUBSTITUTE(근태!AV18,":",""))) | S18: =IF(근태!AW18="","",IF(근태!AX18="",근태!AW18,근태!AW18&" "&SUBSTITUTE(근태!AX18,":","")&"-"&SUBSTITUTE(근태!AY18,":",""))) | T18: =IF(근태!AZ18="","",IF(근태!BA18="",근태!AZ18,근태!AZ18&" "&SUBSTITUTE(근태!BA18,":","")&"-"&SUBSTITUTE(근태!BB18,":",""))) | U18: =IF(근태!BC18="","",IF(근태!BD18="",근태!BC18,근태!BC18&" "&SUBSTITUTE(근태!BD18,":","")&"-"&SUBSTITUTE(근태!BE18,":",""))) | V18: =IF(근태!BF18="","",IF(근태!BG18="",근태!BF18,근태!BF18&" "&SUBSTITUTE(근태!BG18,":","")&"-"&SUBSTITUTE(근태!BH18,":",""))) | W18: =IF(근태!BI18="","",IF(근태!BJ18="",근태!BI18,근태!BI18&" "&SUBSTITUTE(근태!BJ18,":","")&"-"&SUBSTITUTE(근태!BK18,":",""))) | X18: =IF(근태!BL18="","",IF(근태!BM18="",근태!BL18,근태!BL18&" "&SUBSTITUTE(근태!BM18,":","")&"-"&SUBSTITUTE(근태!BN18,":",""))) | Y18: =IF(근태!BO18="","",IF(근태!BP18="",근태!BO18,근태!BO18&" "&SUBSTITUTE(근태!BP18,":","")&"-"&SUBSTITUTE(근태!BQ18,":",""))) | Z18: =IF(근태!BR18="","",IF(근태!BS18="",근태!BR18,근태!BR18&" "&SUBSTITUTE(근태!BS18,":","")&"-"&SUBSTITUTE(근태!BT18,":",""))) | AA18: =IF(근태!BU18="","",IF(근태!BV18="",근태!BU18,근태!BU18&" "&SUBSTITUTE(근태!BV18,":","")&"-"&SUBSTITUTE(근태!BW18,":",""))) | AB18: =IF(근태!BX18="","",IF(근태!BY18="",근태!BX18,근태!BX18&" "&SUBSTITUTE(근태!BY18,":","")&"-"&SUBSTITUTE(근태!BZ18,":",""))) | AC18: =IF(근태!CA18="","",IF(근태!CB18="",근태!CA18,근태!CA18&" "&SUBSTITUTE(근태!CB18,":","")&"-"&SUBSTITUTE(근태!CC18,":",""))) | AD18: =IF(근태!CD18="","",IF(근태!CE18="",근태!CD18,근태!CD18&" "&SUBSTITUTE(근태!CE18,":","")&"-"&SUBSTITUTE(근태!CF18,":",""))) | AE18: =IF(근태!CG18="","",IF(근태!CH18="",근태!CG18,근태!CG18&" "&SUBSTITUTE(근태!CH18,":","")&"-"&SUBSTITUTE(근태!CI18,":",""))) | AF18: =IF(근태!CJ18="","",IF(근태!CK18="",근태!CJ18,근태!CJ18&" "&SUBSTITUTE(근태!CK18,":","")&"-"&SUBSTITUTE(근태!CL18,":",""))) | AG18: =IF(근태!CM18="","",IF(근태!CN18="",근태!CM18,근태!CM18&" "&SUBSTITUTE(근태!CN18,":","")&"-"&SUBSTITUTE(근태!CO18,":",""))) | AH18: =IF(근태!CP18="","",IF(근태!CQ18="",근태!CP18,근태!CP18&" "&SUBSTITUTE(근태!CQ18,":","")&"-"&SUBSTITUTE(근태!CR18,":","")))
A19: =IF(명부!A13="","",명부!A13) | B19: =IF(명부!C13="","",명부!C13) | C19: =IF(명부!E13="","",명부!E13) | D19: =IF(근태!D19="","",IF(근태!E19="",근태!D19,근태!D19&" "&SUBSTITUTE(근태!E19,":","")&"-"&SUBSTITUTE(근태!F19,":",""))) | E19: =IF(근태!G19="","",IF(근태!H19="",근태!G19,근태!G19&" "&SUBSTITUTE(근태!H19,":","")&"-"&SUBSTITUTE(근태!I19,":",""))) | F19: =IF(근태!J19="","",IF(근태!K19="",근태!J19,근태!J19&" "&SUBSTITUTE(근태!K19,":","")&"-"&SUBSTITUTE(근태!L19,":",""))) | G19: =IF(근태!M19="","",IF(근태!N19="",근태!M19,근태!M19&" "&SUBSTITUTE(근태!N19,":","")&"-"&SUBSTITUTE(근태!O19,":",""))) | H19: =IF(근태!P19="","",IF(근태!Q19="",근태!P19,근태!P19&" "&SUBSTITUTE(근태!Q19,":","")&"-"&SUBSTITUTE(근태!R19,":",""))) | I19: =IF(근태!S19="","",IF(근태!T19="",근태!S19,근태!S19&" "&SUBSTITUTE(근태!T19,":","")&"-"&SUBSTITUTE(근태!U19,":",""))) | J19: =IF(근태!V19="","",IF(근태!W19="",근태!V19,근태!V19&" "&SUBSTITUTE(근태!W19,":","")&"-"&SUBSTITUTE(근태!X19,":",""))) | K19: =IF(근태!Y19="","",IF(근태!Z19="",근태!Y19,근태!Y19&" "&SUBSTITUTE(근태!Z19,":","")&"-"&SUBSTITUTE(근태!AA19,":",""))) | L19: =IF(근태!AB19="","",IF(근태!AC19="",근태!AB19,근태!AB19&" "&SUBSTITUTE(근태!AC19,":","")&"-"&SUBSTITUTE(근태!AD19,":",""))) | M19: =IF(근태!AE19="","",IF(근태!AF19="",근태!AE19,근태!AE19&" "&SUBSTITUTE(근태!AF19,":","")&"-"&SUBSTITUTE(근태!AG19,":",""))) | N19: =IF(근태!AH19="","",IF(근태!AI19="",근태!AH19,근태!AH19&" "&SUBSTITUTE(근태!AI19,":","")&"-"&SUBSTITUTE(근태!AJ19,":",""))) | O19: =IF(근태!AK19="","",IF(근태!AL19="",근태!AK19,근태!AK19&" "&SUBSTITUTE(근태!AL19,":","")&"-"&SUBSTITUTE(근태!AM19,":",""))) | P19: =IF(근태!AN19="","",IF(근태!AO19="",근태!AN19,근태!AN19&" "&SUBSTITUTE(근태!AO19,":","")&"-"&SUBSTITUTE(근태!AP19,":",""))) | Q19: =IF(근태!AQ19="","",IF(근태!AR19="",근태!AQ19,근태!AQ19&" "&SUBSTITUTE(근태!AR19,":","")&"-"&SUBSTITUTE(근태!AS19,":",""))) | R19: =IF(근태!AT19="","",IF(근태!AU19="",근태!AT19,근태!AT19&" "&SUBSTITUTE(근태!AU19,":","")&"-"&SUBSTITUTE(근태!AV19,":",""))) | S19: =IF(근태!AW19="","",IF(근태!AX19="",근태!AW19,근태!AW19&" "&SUBSTITUTE(근태!AX19,":","")&"-"&SUBSTITUTE(근태!AY19,":",""))) | T19: =IF(근태!AZ19="","",IF(근태!BA19="",근태!AZ19,근태!AZ19&" "&SUBSTITUTE(근태!BA19,":","")&"-"&SUBSTITUTE(근태!BB19,":",""))) | U19: =IF(근태!BC19="","",IF(근태!BD19="",근태!BC19,근태!BC19&" "&SUBSTITUTE(근태!BD19,":","")&"-"&SUBSTITUTE(근태!BE19,":",""))) | V19: =IF(근태!BF19="","",IF(근태!BG19="",근태!BF19,근태!BF19&" "&SUBSTITUTE(근태!BG19,":","")&"-"&SUBSTITUTE(근태!BH19,":",""))) | W19: =IF(근태!BI19="","",IF(근태!BJ19="",근태!BI19,근태!BI19&" "&SUBSTITUTE(근태!BJ19,":","")&"-"&SUBSTITUTE(근태!BK19,":",""))) | X19: =IF(근태!BL19="","",IF(근태!BM19="",근태!BL19,근태!BL19&" "&SUBSTITUTE(근태!BM19,":","")&"-"&SUBSTITUTE(근태!BN19,":",""))) | Y19: =IF(근태!BO19="","",IF(근태!BP19="",근태!BO19,근태!BO19&" "&SUBSTITUTE(근태!BP19,":","")&"-"&SUBSTITUTE(근태!BQ19,":",""))) | Z19: =IF(근태!BR19="","",IF(근태!BS19="",근태!BR19,근태!BR19&" "&SUBSTITUTE(근태!BS19,":","")&"-"&SUBSTITUTE(근태!BT19,":",""))) | AA19: =IF(근태!BU19="","",IF(근태!BV19="",근태!BU19,근태!BU19&" "&SUBSTITUTE(근태!BV19,":","")&"-"&SUBSTITUTE(근태!BW19,":",""))) | AB19: =IF(근태!BX19="","",IF(근태!BY19="",근태!BX19,근태!BX19&" "&SUBSTITUTE(근태!BY19,":","")&"-"&SUBSTITUTE(근태!BZ19,":",""))) | AC19: =IF(근태!CA19="","",IF(근태!CB19="",근태!CA19,근태!CA19&" "&SUBSTITUTE(근태!CB19,":","")&"-"&SUBSTITUTE(근태!CC19,":",""))) | AD19: =IF(근태!CD19="","",IF(근태!CE19="",근태!CD19,근태!CD19&" "&SUBSTITUTE(근태!CE19,":","")&"-"&SUBSTITUTE(근태!CF19,":",""))) | AE19: =IF(근태!CG19="","",IF(근태!CH19="",근태!CG19,근태!CG19&" "&SUBSTITUTE(근태!CH19,":","")&"-"&SUBSTITUTE(근태!CI19,":",""))) | AF19: =IF(근태!CJ19="","",IF(근태!CK19="",근태!CJ19,근태!CJ19&" "&SUBSTITUTE(근태!CK19,":","")&"-"&SUBSTITUTE(근태!CL19,":",""))) | AG19: =IF(근태!CM19="","",IF(근태!CN19="",근태!CM19,근태!CM19&" "&SUBSTITUTE(근태!CN19,":","")&"-"&SUBSTITUTE(근태!CO19,":",""))) | AH19: =IF(근태!CP19="","",IF(근태!CQ19="",근태!CP19,근태!CP19&" "&SUBSTITUTE(근태!CQ19,":","")&"-"&SUBSTITUTE(근태!CR19,":","")))
... A31: =IF(명부!A25="","",명부!A25) | B31: =IF(명부!C25="","",명부!C25) | C31: =IF(명부!E25="","",명부!E25) | D31: =IF(근태!D31="","",IF(근태!E31="",근태!D31,근태!D31&" "&SUBSTITUTE(근태!E31,":","")&"-"&SUBSTITUTE(근태!F31,":",""))) | E31: =IF(근태!G31="","",IF(근태!H31="",근태!G31,근태!G31&" "&SUBSTITUTE(근태!H31,":","")&"-"&SUBSTITUTE(근태!I31,":",""))) | F31: =IF(근태!J31="","",IF(근태!K31="",근태!J31,근태!J31&" "&SUBSTITUTE(근태!K31,":","")&"-"&SUBSTITUTE(근태!L31,":",""))) | G31: =IF(근태!M31="","",IF(근태!N31="",근태!M31,근태!M31&" "&SUBSTITUTE(근태!N31,":","")&"-"&SUBSTITUTE(근태!O31,":",""))) | H31: =IF(근태!P31="","",IF(근태!Q31="",근태!P31,근태!P31&" "&SUBSTITUTE(근태!Q31,":","")&"-"&SUBSTITUTE(근태!R31,":",""))) | I31: =IF(근태!S31="","",IF(근태!T31="",근태!S31,근태!S31&" "&SUBSTITUTE(근태!T31,":","")&"-"&SUBSTITUTE(근태!U31,":",""))) | J31: =IF(근태!V31="","",IF(근태!W31="",근태!V31,근태!V31&" "&SUBSTITUTE(근태!W31,":","")&"-"&SUBSTITUTE(근태!X31,":",""))) | K31: =IF(근태!Y31="","",IF(근태!Z31="",근태!Y31,근태!Y31&" "&SUBSTITUTE(근태!Z31,":","")&"-"&SUBSTITUTE(근태!AA31,":",""))) | L31: =IF(근태!AB31="","",IF(근태!AC31="",근태!AB31,근태!AB31&" "&SUBSTITUTE(근태!AC31,":","")&"-"&SUBSTITUTE(근태!AD31,":",""))) | M31: =IF(근태!AE31="","",IF(근태!AF31="",근태!AE31,근태!AE31&" "&SUBSTITUTE(근태!AF31,":","")&"-"&SUBSTITUTE(근태!AG31,":",""))) | N31: =IF(근태!AH31="","",IF(근태!AI31="",근태!AH31,근태!AH31&" "&SUBSTITUTE(근태!AI31,":","")&"-"&SUBSTITUTE(근태!AJ31,":",""))) | O31: =IF(근태!AK31="","",IF(근태!AL31="",근태!AK31,근태!AK31&" "&SUBSTITUTE(근태!AL31,":","")&"-"&SUBSTITUTE(근태!AM31,":",""))) | P31: =IF(근태!AN31="","",IF(근태!AO31="",근태!AN31,근태!AN31&" "&SUBSTITUTE(근태!AO31,":","")&"-"&SUBSTITUTE(근태!AP31,":",""))) | Q31: =IF(근태!AQ31="","",IF(근태!AR31="",근태!AQ31,근태!AQ31&" "&SUBSTITUTE(근태!AR31,":","")&"-"&SUBSTITUTE(근태!AS31,":",""))) | R31: =IF(근태!AT31="","",IF(근태!AU31="",근태!AT31,근태!AT31&" "&SUBSTITUTE(근태!AU31,":","")&"-"&SUBSTITUTE(근태!AV31,":",""))) | S31: =IF(근태!AW31="","",IF(근태!AX31="",근태!AW31,근태!AW31&" "&SUBSTITUTE(근태!AX31,":","")&"-"&SUBSTITUTE(근태!AY31,":",""))) | T31: =IF(근태!AZ31="","",IF(근태!BA31="",근태!AZ31,근태!AZ31&" "&SUBSTITUTE(근태!BA31,":","")&"-"&SUBSTITUTE(근태!BB31,":",""))) | U31: =IF(근태!BC31="","",IF(근태!BD31="",근태!BC31,근태!BC31&" "&SUBSTITUTE(근태!BD31,":","")&"-"&SUBSTITUTE(근태!BE31,":",""))) | V31: =IF(근태!BF31="","",IF(근태!BG31="",근태!BF31,근태!BF31&" "&SUBSTITUTE(근태!BG31,":","")&"-"&SUBSTITUTE(근태!BH31,":",""))) | W31: =IF(근태!BI31="","",IF(근태!BJ31="",근태!BI31,근태!BI31&" "&SUBSTITUTE(근태!BJ31,":","")&"-"&SUBSTITUTE(근태!BK31,":",""))) | X31: =IF(근태!BL31="","",IF(근태!BM31="",근태!BL31,근태!BL31&" "&SUBSTITUTE(근태!BM31,":","")&"-"&SUBSTITUTE(근태!BN31,":",""))) | Y31: =IF(근태!BO31="","",IF(근태!BP31="",근태!BO31,근태!BO31&" "&SUBSTITUTE(근태!BP31,":","")&"-"&SUBSTITUTE(근태!BQ31,":",""))) | Z31: =IF(근태!BR31="","",IF(근태!BS31="",근태!BR31,근태!BR31&" "&SUBSTITUTE(근태!BS31,":","")&"-"&SUBSTITUTE(근태!BT31,":",""))) | AA31: =IF(근태!BU31="","",IF(근태!BV31="",근태!BU31,근태!BU31&" "&SUBSTITUTE(근태!BV31,":","")&"-"&SUBSTITUTE(근태!BW31,":",""))) | AB31: =IF(근태!BX31="","",IF(근태!BY31="",근태!BX31,근태!BX31&" "&SUBSTITUTE(근태!BY31,":","")&"-"&SUBSTITUTE(근태!BZ31,":",""))) | AC31: =IF(근태!CA31="","",IF(근태!CB31="",근태!CA31,근태!CA31&" "&SUBSTITUTE(근태!CB31,":","")&"-"&SUBSTITUTE(근태!CC31,":",""))) | AD31: =IF(근태!CD31="","",IF(근태!CE31="",근태!CD31,근태!CD31&" "&SUBSTITUTE(근태!CE31,":","")&"-"&SUBSTITUTE(근태!CF31,":",""))) | AE31: =IF(근태!CG31="","",IF(근태!CH31="",근태!CG31,근태!CG31&" "&SUBSTITUTE(근태!CH31,":","")&"-"&SUBSTITUTE(근태!CI31,":",""))) | AF31: =IF(근태!CJ31="","",IF(근태!CK31="",근태!CJ31,근태!CJ31&" "&SUBSTITUTE(근태!CK31,":","")&"-"&SUBSTITUTE(근태!CL31,":",""))) | AG31: =IF(근태!CM31="","",IF(근태!CN31="",근태!CM31,근태!CM31&" "&SUBSTITUTE(근태!CN31,":","")&"-"&SUBSTITUTE(근태!CO31,":",""))) | AH31: =IF(근태!CP31="","",IF(근태!CQ31="",근태!CP31,근태!CP31&" "&SUBSTITUTE(근태!CQ31,":","")&"-"&SUBSTITUTE(근태!CR31,":","")))
A35: 실근로
A36: =IF(명부!A2="","",명부!A2) | B36: =IF(명부!C2="","",명부!C2) | C36: =IF(명부!E2="","",명부!E2) | D36: =IF(D8="",IF(D$6="휴일",0,8),IFERROR(INDEX(코드!$D$2:$D$107,MATCH(D8,코드!$A$2:$A$107,0)),0)) | E36: =IF(E8="",IF(E$6="휴일",0,8),IFERROR(INDEX(코드!$D$2:$D$107,MATCH(E8,코드!$A$2:$A$107,0)),0)) | F36: =IF(F8="",IF(F$6="휴일",0,8),IFERROR(INDEX(코드!$D$2:$D$107,MATCH(F8,코드!$A$2:$A$107,0)),0)) | G36: =IF(G8="",IF(G$6="휴일",0,8),IFERROR(INDEX(코드!$D$2:$D$107,MATCH(G8,코드!$A$2:$A$107,0)),0)) | H36: =IF(H8="",IF(H$6="휴일",0,8),IFERROR(INDEX(코드!$D$2:$D$107,MATCH(H8,코드!$A$2:$A$107,0)),0)) | I36: =IF(I8="",IF(I$6="휴일",0,8),IFERROR(INDEX(코드!$D$2:$D$107,MATCH(I8,코드!$A$2:$A$107,0)),0)) | J36: =IF(J8="",IF(J$6="휴일",0,8),IFERROR(INDEX(코드!$D$2:$D$107,MATCH(J8,코드!$A$2:$A$107,0)),0)) | K36: =IF(K8="",IF(K$6="휴일",0,8),IFERROR(INDEX(코드!$D$2:$D$107,MATCH(K8,코드!$A$2:$A$107,0)),0)) | ... AH36: =IF(AH8="",IF(AH$6="휴일",0,8),IFERROR(INDEX(코드!$D$2:$D$107,MATCH(AH8,코드!$A$2:$A$107,0)),0))
A37: =IF(명부!A3="","",명부!A3) | B37: =IF(명부!C3="","",명부!C3) | C37: =IF(명부!E3="","",명부!E3) | D37: =IF(D9="",IF(D$6="휴일",0,8),IFERROR(INDEX(코드!$D$2:$D$107,MATCH(D9,코드!$A$2:$A$107,0)),0)) | E37: =IF(E9="",IF(E$6="휴일",0,8),IFERROR(INDEX(코드!$D$2:$D$107,MATCH(E9,코드!$A$2:$A$107,0)),0)) | F37: =IF(F9="",IF(F$6="휴일",0,8),IFERROR(INDEX(코드!$D$2:$D$107,MATCH(F9,코드!$A$2:$A$107,0)),0)) | G37: =IF(G9="",IF(G$6="휴일",0,8),IFERROR(INDEX(코드!$D$2:$D$107,MATCH(G9,코드!$A$2:$A$107,0)),0)) | H37: =IF(H9="",IF(H$6="휴일",0,8),IFERROR(INDEX(코드!$D$2:$D$107,MATCH(H9,코드!$A$2:$A$107,0)),0)) | I37: =IF(I9="",IF(I$6="휴일",0,8),IFERROR(INDEX(코드!$D$2:$D$107,MATCH(I9,코드!$A$2:$A$107,0)),0)) | J37: =IF(J9="",IF(J$6="휴일",0,8),IFERROR(INDEX(코드!$D$2:$D$107,MATCH(J9,코드!$A$2:$A$107,0)),0)) | K37: =IF(K9="",IF(K$6="휴일",0,8),IFERROR(INDEX(코드!$D$2:$D$107,MATCH(K9,코드!$A$2:$A$107,0)),0)) | ... AH37: =IF(AH9="",IF(AH$6="휴일",0,8),IFERROR(INDEX(코드!$D$2:$D$107,MATCH(AH9,코드!$A$2:$A$107,0)),0))
A38: =IF(명부!A4="","",명부!A4) | B38: =IF(명부!C4="","",명부!C4) | C38: =IF(명부!E4="","",명부!E4) | D38: =IF(D10="",IF(D$6="휴일",0,8),IFERROR(INDEX(코드!$D$2:$D$107,MATCH(D10,코드!$A$2:$A$107,0)),0)) | E38: =IF(E10="",IF(E$6="휴일",0,8),IFERROR(INDEX(코드!$D$2:$D$107,MATCH(E10,코드!$A$2:$A$107,0)),0)) | F38: =IF(F10="",IF(F$6="휴일",0,8),IFERROR(INDEX(코드!$D$2:$D$107,MATCH(F10,코드!$A$2:$A$107,0)),0)) | G38: =IF(G10="",IF(G$6="휴일",0,8),IFERROR(INDEX(코드!$D$2:$D$107,MATCH(G10,코드!$A$2:$A$107,0)),0)) | H38: =IF(H10="",IF(H$6="휴일",0,8),IFERROR(INDEX(코드!$D$2:$D$107,MATCH(H10,코드!$A$2:$A$107,0)),0)) | I38: =IF(I10="",IF(I$6="휴일",0,8),IFERROR(INDEX(코드!$D$2:$D$107,MATCH(I10,코드!$A$2:$A$107,0)),0)) | J38: =IF(J10="",IF(J$6="휴일",0,8),IFERROR(INDEX(코드!$D$2:$D$107,MATCH(J10,코드!$A$2:$A$107,0)),0)) | K38: =IF(K10="",IF(K$6="휴일",0,8),IFERROR(INDEX(코드!$D$2:$D$107,MATCH(K10,코드!$A$2:$A$107,0)),0)) | ... AH38: =IF(AH10="",IF(AH$6="휴일",0,8),IFERROR(INDEX(코드!$D$2:$D$107,MATCH(AH10,코드!$A$2:$A$107,0)),0))
A39: =IF(명부!A5="","",명부!A5) | B39: =IF(명부!C5="","",명부!C5) | C39: =IF(명부!E5="","",명부!E5) | D39: =IF(D11="",IF(D$6="휴일",0,8),IFERROR(INDEX(코드!$D$2:$D$107,MATCH(D11,코드!$A$2:$A$107,0)),0)) | E39: =IF(E11="",IF(E$6="휴일",0,8),IFERROR(INDEX(코드!$D$2:$D$107,MATCH(E11,코드!$A$2:$A$107,0)),0)) | F39: =IF(F11="",IF(F$6="휴일",0,8),IFERROR(INDEX(코드!$D$2:$D$107,MATCH(F11,코드!$A$2:$A$107,0)),0)) | G39: =IF(G11="",IF(G$6="휴일",0,8),IFERROR(INDEX(코드!$D$2:$D$107,MATCH(G11,코드!$A$2:$A$107,0)),0)) | H39: =IF(H11="",IF(H$6="휴일",0,8),IFERROR(INDEX(코드!$D$2:$D$107,MATCH(H11,코드!$A$2:$A$107,0)),0)) | I39: =IF(I11="",IF(I$6="휴일",0,8),IFERROR(INDEX(코드!$D$2:$D$107,MATCH(I11,코드!$A$2:$A$107,0)),0)) | J39: =IF(J11="",IF(J$6="휴일",0,8),IFERROR(INDEX(코드!$D$2:$D$107,MATCH(J11,코드!$A$2:$A$107,0)),0)) | K39: =IF(K11="",IF(K$6="휴일",0,8),IFERROR(INDEX(코드!$D$2:$D$107,MATCH(K11,코드!$A$2:$A$107,0)),0)) | ... AH39: =IF(AH11="",IF(AH$6="휴일",0,8),IFERROR(INDEX(코드!$D$2:$D$107,MATCH(AH11,코드!$A$2:$A$107,0)),0))
A40: =IF(명부!A6="","",명부!A6) | B40: =IF(명부!C6="","",명부!C6) | C40: =IF(명부!E6="","",명부!E6) | D40: =IF(D12="",IF(D$6="휴일",0,8),IFERROR(INDEX(코드!$D$2:$D$107,MATCH(D12,코드!$A$2:$A$107,0)),0)) | E40: =IF(E12="",IF(E$6="휴일",0,8),IFERROR(INDEX(코드!$D$2:$D$107,MATCH(E12,코드!$A$2:$A$107,0)),0)) | F40: =IF(F12="",IF(F$6="휴일",0,8),IFERROR(INDEX(코드!$D$2:$D$107,MATCH(F12,코드!$A$2:$A$107,0)),0)) | G40: =IF(G12="",IF(G$6="휴일",0,8),IFERROR(INDEX(코드!$D$2:$D$107,MATCH(G12,코드!$A$2:$A$107,0)),0)) | H40: =IF(H12="",IF(H$6="휴일",0,8),IFERROR(INDEX(코드!$D$2:$D$107,MATCH(H12,코드!$A$2:$A$107,0)),0)) | I40: =IF(I12="",IF(I$6="휴일",0,8),IFERROR(INDEX(코드!$D$2:$D$107,MATCH(I12,코드!$A$2:$A$107,0)),0)) | J40: =IF(J12="",IF(J$6="휴일",0,8),IFERROR(INDEX(코드!$D$2:$D$107,MATCH(J12,코드!$A$2:$A$107,0)),0)) | K40: =IF(K12="",IF(K$6="휴일",0,8),IFERROR(INDEX(코드!$D$2:$D$107,MATCH(K12,코드!$A$2:$A$107,0)),0)) | ... AH40: =IF(AH12="",IF(AH$6="휴일",0,8),IFERROR(INDEX(코드!$D$2:$D$107,MATCH(AH12,코드!$A$2:$A$107,0)),0))
A41: =IF(명부!A7="","",명부!A7) | B41: =IF(명부!C7="","",명부!C7) | C41: =IF(명부!E7="","",명부!E7) | D41: =IF(D13="",IF(D$6="휴일",0,8),IFERROR(INDEX(코드!$D$2:$D$107,MATCH(D13,코드!$A$2:$A$107,0)),0)) | E41: =IF(E13="",IF(E$6="휴일",0,8),IFERROR(INDEX(코드!$D$2:$D$107,MATCH(E13,코드!$A$2:$A$107,0)),0)) | F41: =IF(F13="",IF(F$6="휴일",0,8),IFERROR(INDEX(코드!$D$2:$D$107,MATCH(F13,코드!$A$2:$A$107,0)),0)) | G41: =IF(G13="",IF(G$6="휴일",0,8),IFERROR(INDEX(코드!$D$2:$D$107,MATCH(G13,코드!$A$2:$A$107,0)),0)) | H41: =IF(H13="",IF(H$6="휴일",0,8),IFERROR(INDEX(코드!$D$2:$D$107,MATCH(H13,코드!$A$2:$A$107,0)),0)) | I41: =IF(I13="",IF(I$6="휴일",0,8),IFERROR(INDEX(코드!$D$2:$D$107,MATCH(I13,코드!$A$2:$A$107,0)),0)) | J41: =IF(J13="",IF(J$6="휴일",0,8),IFERROR(INDEX(코드!$D$2:$D$107,MATCH(J13,코드!$A$2:$A$107,0)),0)) | K41: =IF(K13="",IF(K$6="휴일",0,8),IFERROR(INDEX(코드!$D$2:$D$107,MATCH(K13,코드!$A$2:$A$107,0)),0)) | ... AH41: =IF(AH13="",IF(AH$6="휴일",0,8),IFERROR(INDEX(코드!$D$2:$D$107,MATCH(AH13,코드!$A$2:$A$107,0)),0))
A42: =IF(명부!A8="","",명부!A8) | B42: =IF(명부!C8="","",명부!C8) | C42: =IF(명부!E8="","",명부!E8) | D42: =IF(D14="",IF(D$6="휴일",0,8),IFERROR(INDEX(코드!$D$2:$D$107,MATCH(D14,코드!$A$2:$A$107,0)),0)) | E42: =IF(E14="",IF(E$6="휴일",0,8),IFERROR(INDEX(코드!$D$2:$D$107,MATCH(E14,코드!$A$2:$A$107,0)),0)) | F42: =IF(F14="",IF(F$6="휴일",0,8),IFERROR(INDEX(코드!$D$2:$D$107,MATCH(F14,코드!$A$2:$A$107,0)),0)) | G42: =IF(G14="",IF(G$6="휴일",0,8),IFERROR(INDEX(코드!$D$2:$D$107,MATCH(G14,코드!$A$2:$A$107,0)),0)) | H42: =IF(H14="",IF(H$6="휴일",0,8),IFERROR(INDEX(코드!$D$2:$D$107,MATCH(H14,코드!$A$2:$A$107,0)),0)) | I42: =IF(I14="",IF(I$6="휴일",0,8),IFERROR(INDEX(코드!$D$2:$D$107,MATCH(I14,코드!$A$2:$A$107,0)),0)) | J42: =IF(J14="",IF(J$6="휴일",0,8),IFERROR(INDEX(코드!$D$2:$D$107,MATCH(J14,코드!$A$2:$A$107,0)),0)) | K42: =IF(K14="",IF(K$6="휴일",0,8),IFERROR(INDEX(코드!$D$2:$D$107,MATCH(K14,코드!$A$2:$A$107,0)),0)) | ... AH42: =IF(AH14="",IF(AH$6="휴일",0,8),IFERROR(INDEX(코드!$D$2:$D$107,MATCH(AH14,코드!$A$2:$A$107,0)),0))
A43: =IF(명부!A9="","",명부!A9) | B43: =IF(명부!C9="","",명부!C9) | C43: =IF(명부!E9="","",명부!E9) | D43: =IF(D15="",IF(D$6="휴일",0,8),IFERROR(INDEX(코드!$D$2:$D$107,MATCH(D15,코드!$A$2:$A$107,0)),0)) | E43: =IF(E15="",IF(E$6="휴일",0,8),IFERROR(INDEX(코드!$D$2:$D$107,MATCH(E15,코드!$A$2:$A$107,0)),0)) | F43: =IF(F15="",IF(F$6="휴일",0,8),IFERROR(INDEX(코드!$D$2:$D$107,MATCH(F15,코드!$A$2:$A$107,0)),0)) | G43: =IF(G15="",IF(G$6="휴일",0,8),IFERROR(INDEX(코드!$D$2:$D$107,MATCH(G15,코드!$A$2:$A$107,0)),0)) | H43: =IF(H15="",IF(H$6="휴일",0,8),IFERROR(INDEX(코드!$D$2:$D$107,MATCH(H15,코드!$A$2:$A$107,0)),0)) | I43: =IF(I15="",IF(I$6="휴일",0,8),IFERROR(INDEX(코드!$D$2:$D$107,MATCH(I15,코드!$A$2:$A$107,0)),0)) | J43: =IF(J15="",IF(J$6="휴일",0,8),IFERROR(INDEX(코드!$D$2:$D$107,MATCH(J15,코드!$A$2:$A$107,0)),0)) | K43: =IF(K15="",IF(K$6="휴일",0,8),IFERROR(INDEX(코드!$D$2:$D$107,MATCH(K15,코드!$A$2:$A$107,0)),0)) | ... AH43: =IF(AH15="",IF(AH$6="휴일",0,8),IFERROR(INDEX(코드!$D$2:$D$107,MATCH(AH15,코드!$A$2:$A$107,0)),0))
A44: =IF(명부!A10="","",명부!A10) | B44: =IF(명부!C10="","",명부!C10) | C44: =IF(명부!E10="","",명부!E10) | D44: =IF(D16="",IF(D$6="휴일",0,8),IFERROR(INDEX(코드!$D$2:$D$107,MATCH(D16,코드!$A$2:$A$107,0)),0)) | E44: =IF(E16="",IF(E$6="휴일",0,8),IFERROR(INDEX(코드!$D$2:$D$107,MATCH(E16,코드!$A$2:$A$107,0)),0)) | F44: =IF(F16="",IF(F$6="휴일",0,8),IFERROR(INDEX(코드!$D$2:$D$107,MATCH(F16,코드!$A$2:$A$107,0)),0)) | G44: =IF(G16="",IF(G$6="휴일",0,8),IFERROR(INDEX(코드!$D$2:$D$107,MATCH(G16,코드!$A$2:$A$107,0)),0)) | H44: =IF(H16="",IF(H$6="휴일",0,8),IFERROR(INDEX(코드!$D$2:$D$107,MATCH(H16,코드!$A$2:$A$107,0)),0)) | I44: =IF(I16="",IF(I$6="휴일",0,8),IFERROR(INDEX(코드!$D$2:$D$107,MATCH(I16,코드!$A$2:$A$107,0)),0)) | J44: =IF(J16="",IF(J$6="휴일",0,8),IFERROR(INDEX(코드!$D$2:$D$107,MATCH(J16,코드!$A$2:$A$107,0)),0)) | K44: =IF(K16="",IF(K$6="휴일",0,8),IFERROR(INDEX(코드!$D$2:$D$107,MATCH(K16,코드!$A$2:$A$107,0)),0)) | ... AH44: =IF(AH16="",IF(AH$6="휴일",0,8),IFERROR(INDEX(코드!$D$2:$D$107,MATCH(AH16,코드!$A$2:$A$107,0)),0))
A45: =IF(명부!A11="","",명부!A11) | B45: =IF(명부!C11="","",명부!C11) | C45: =IF(명부!E11="","",명부!E11) | D45: =IF(D17="",IF(D$6="휴일",0,8),IFERROR(INDEX(코드!$D$2:$D$107,MATCH(D17,코드!$A$2:$A$107,0)),0)) | E45: =IF(E17="",IF(E$6="휴일",0,8),IFERROR(INDEX(코드!$D$2:$D$107,MATCH(E17,코드!$A$2:$A$107,0)),0)) | F45: =IF(F17="",IF(F$6="휴일",0,8),IFERROR(INDEX(코드!$D$2:$D$107,MATCH(F17,코드!$A$2:$A$107,0)),0)) | G45: =IF(G17="",IF(G$6="휴일",0,8),IFERROR(INDEX(코드!$D$2:$D$107,MATCH(G17,코드!$A$2:$A$107,0)),0)) | H45: =IF(H17="",IF(H$6="휴일",0,8),IFERROR(INDEX(코드!$D$2:$D$107,MATCH(H17,코드!$A$2:$A$107,0)),0)) | I45: =IF(I17="",IF(I$6="휴일",0,8),IFERROR(INDEX(코드!$D$2:$D$107,MATCH(I17,코드!$A$2:$A$107,0)),0)) | J45: =IF(J17="",IF(J$6="휴일",0,8),IFERROR(INDEX(코드!$D$2:$D$107,MATCH(J17,코드!$A$2:$A$107,0)),0)) | K45: =IF(K17="",IF(K$6="휴일",0,8),IFERROR(INDEX(코드!$D$2:$D$107,MATCH(K17,코드!$A$2:$A$107,0)),0)) | ... AH45: =IF(AH17="",IF(AH$6="휴일",0,8),IFERROR(INDEX(코드!$D$2:$D$107,MATCH(AH17,코드!$A$2:$A$107,0)),0))
A46: =IF(명부!A12="","",명부!A12) | B46: =IF(명부!C12="","",명부!C12) | C46: =IF(명부!E12="","",명부!E12) | D46: =IF(D18="",IF(D$6="휴일",0,8),IFERROR(INDEX(코드!$D$2:$D$107,MATCH(D18,코드!$A$2:$A$107,0)),0)) | E46: =IF(E18="",IF(E$6="휴일",0,8),IFERROR(INDEX(코드!$D$2:$D$107,MATCH(E18,코드!$A$2:$A$107,0)),0)) | F46: =IF(F18="",IF(F$6="휴일",0,8),IFERROR(INDEX(코드!$D$2:$D$107,MATCH(F18,코드!$A$2:$A$107,0)),0)) | G46: =IF(G18="",IF(G$6="휴일",0,8),IFERROR(INDEX(코드!$D$2:$D$107,MATCH(G18,코드!$A$2:$A$107,0)),0)) | H46: =IF(H18="",IF(H$6="휴일",0,8),IFERROR(INDEX(코드!$D$2:$D$107,MATCH(H18,코드!$A$2:$A$107,0)),0)) | I46: =IF(I18="",IF(I$6="휴일",0,8),IFERROR(INDEX(코드!$D$2:$D$107,MATCH(I18,코드!$A$2:$A$107,0)),0)) | J46: =IF(J18="",IF(J$6="휴일",0,8),IFERROR(INDEX(코드!$D$2:$D$107,MATCH(J18,코드!$A$2:$A$107,0)),0)) | K46: =IF(K18="",IF(K$6="휴일",0,8),IFERROR(INDEX(코드!$D$2:$D$107,MATCH(K18,코드!$A$2:$A$107,0)),0)) | ... AH46: =IF(AH18="",IF(AH$6="휴일",0,8),IFERROR(INDEX(코드!$D$2:$D$107,MATCH(AH18,코드!$A$2:$A$107,0)),0))
A47: =IF(명부!A13="","",명부!A13) | B47: =IF(명부!C13="","",명부!C13) | C47: =IF(명부!E13="","",명부!E13) | D47: =IF(D19="",IF(D$6="휴일",0,8),IFERROR(INDEX(코드!$D$2:$D$107,MATCH(D19,코드!$A$2:$A$107,0)),0)) | E47: =IF(E19="",IF(E$6="휴일",0,8),IFERROR(INDEX(코드!$D$2:$D$107,MATCH(E19,코드!$A$2:$A$107,0)),0)) | F47: =IF(F19="",IF(F$6="휴일",0,8),IFERROR(INDEX(코드!$D$2:$D$107,MATCH(F19,코드!$A$2:$A$107,0)),0)) | G47: =IF(G19="",IF(G$6="휴일",0,8),IFERROR(INDEX(코드!$D$2:$D$107,MATCH(G19,코드!$A$2:$A$107,0)),0)) | H47: =IF(H19="",IF(H$6="휴일",0,8),IFERROR(INDEX(코드!$D$2:$D$107,MATCH(H19,코드!$A$2:$A$107,0)),0)) | I47: =IF(I19="",IF(I$6="휴일",0,8),IFERROR(INDEX(코드!$D$2:$D$107,MATCH(I19,코드!$A$2:$A$107,0)),0)) | J47: =IF(J19="",IF(J$6="휴일",0,8),IFERROR(INDEX(코드!$D$2:$D$107,MATCH(J19,코드!$A$2:$A$107,0)),0)) | K47: =IF(K19="",IF(K$6="휴일",0,8),IFERROR(INDEX(코드!$D$2:$D$107,MATCH(K19,코드!$A$2:$A$107,0)),0)) | ... AH47: =IF(AH19="",IF(AH$6="휴일",0,8),IFERROR(INDEX(코드!$D$2:$D$107,MATCH(AH19,코드!$A$2:$A$107,0)),0))
... A59: =IF(명부!A25="","",명부!A25) | B59: =IF(명부!C25="","",명부!C25) | C59: =IF(명부!E25="","",명부!E25) | D59: =IF(D31="",IF(D$6="휴일",0,8),IFERROR(INDEX(코드!$D$2:$D$107,MATCH(D31,코드!$A$2:$A$107,0)),0)) | E59: =IF(E31="",IF(E$6="휴일",0,8),IFERROR(INDEX(코드!$D$2:$D$107,MATCH(E31,코드!$A$2:$A$107,0)),0)) | F59: =IF(F31="",IF(F$6="휴일",0,8),IFERROR(INDEX(코드!$D$2:$D$107,MATCH(F31,코드!$A$2:$A$107,0)),0)) | G59: =IF(G31="",IF(G$6="휴일",0,8),IFERROR(INDEX(코드!$D$2:$D$107,MATCH(G31,코드!$A$2:$A$107,0)),0)) | H59: =IF(H31="",IF(H$6="휴일",0,8),IFERROR(INDEX(코드!$D$2:$D$107,MATCH(H31,코드!$A$2:$A$107,0)),0)) | I59: =IF(I31="",IF(I$6="휴일",0,8),IFERROR(INDEX(코드!$D$2:$D$107,MATCH(I31,코드!$A$2:$A$107,0)),0)) | J59: =IF(J31="",IF(J$6="휴일",0,8),IFERROR(INDEX(코드!$D$2:$D$107,MATCH(J31,코드!$A$2:$A$107,0)),0)) | K59: =IF(K31="",IF(K$6="휴일",0,8),IFERROR(INDEX(코드!$D$2:$D$107,MATCH(K31,코드!$A$2:$A$107,0)),0)) | ... AH59: =IF(AH31="",IF(AH$6="휴일",0,8),IFERROR(INDEX(코드!$D$2:$D$107,MATCH(AH31,코드!$A$2:$A$107,0)),0))
A63: 휴가
A64: =IF(명부!A2="","",명부!A2) | B64: =IF(명부!C2="","",명부!C2) | C64: =IF(명부!E2="","",명부!E2) | D64: =IF(D8="",0,IFERROR(INDEX(코드!$E$2:$E$107,MATCH(D8,코드!$A$2:$A$107,0)),0)) | E64: =IF(E8="",0,IFERROR(INDEX(코드!$E$2:$E$107,MATCH(E8,코드!$A$2:$A$107,0)),0)) | F64: =IF(F8="",0,IFERROR(INDEX(코드!$E$2:$E$107,MATCH(F8,코드!$A$2:$A$107,0)),0)) | G64: =IF(G8="",0,IFERROR(INDEX(코드!$E$2:$E$107,MATCH(G8,코드!$A$2:$A$107,0)),0)) | H64: =IF(H8="",0,IFERROR(INDEX(코드!$E$2:$E$107,MATCH(H8,코드!$A$2:$A$107,0)),0)) | I64: =IF(I8="",0,IFERROR(INDEX(코드!$E$2:$E$107,MATCH(I8,코드!$A$2:$A$107,0)),0)) | J64: =IF(J8="",0,IFERROR(INDEX(코드!$E$2:$E$107,MATCH(J8,코드!$A$2:$A$107,0)),0)) | K64: =IF(K8="",0,IFERROR(INDEX(코드!$E$2:$E$107,MATCH(K8,코드!$A$2:$A$107,0)),0)) | ... AH64: =IF(AH8="",0,IFERROR(INDEX(코드!$E$2:$E$107,MATCH(AH8,코드!$A$2:$A$107,0)),0))
A65: =IF(명부!A3="","",명부!A3) | B65: =IF(명부!C3="","",명부!C3) | C65: =IF(명부!E3="","",명부!E3) | D65: =IF(D9="",0,IFERROR(INDEX(코드!$E$2:$E$107,MATCH(D9,코드!$A$2:$A$107,0)),0)) | E65: =IF(E9="",0,IFERROR(INDEX(코드!$E$2:$E$107,MATCH(E9,코드!$A$2:$A$107,0)),0)) | F65: =IF(F9="",0,IFERROR(INDEX(코드!$E$2:$E$107,MATCH(F9,코드!$A$2:$A$107,0)),0)) | G65: =IF(G9="",0,IFERROR(INDEX(코드!$E$2:$E$107,MATCH(G9,코드!$A$2:$A$107,0)),0)) | H65: =IF(H9="",0,IFERROR(INDEX(코드!$E$2:$E$107,MATCH(H9,코드!$A$2:$A$107,0)),0)) | I65: =IF(I9="",0,IFERROR(INDEX(코드!$E$2:$E$107,MATCH(I9,코드!$A$2:$A$107,0)),0)) | J65: =IF(J9="",0,IFERROR(INDEX(코드!$E$2:$E$107,MATCH(J9,코드!$A$2:$A$107,0)),0)) | K65: =IF(K9="",0,IFERROR(INDEX(코드!$E$2:$E$107,MATCH(K9,코드!$A$2:$A$107,0)),0)) | ... AH65: =IF(AH9="",0,IFERROR(INDEX(코드!$E$2:$E$107,MATCH(AH9,코드!$A$2:$A$107,0)),0))
A66: =IF(명부!A4="","",명부!A4) | B66: =IF(명부!C4="","",명부!C4) | C66: =IF(명부!E4="","",명부!E4) | D66: =IF(D10="",0,IFERROR(INDEX(코드!$E$2:$E$107,MATCH(D10,코드!$A$2:$A$107,0)),0)) | E66: =IF(E10="",0,IFERROR(INDEX(코드!$E$2:$E$107,MATCH(E10,코드!$A$2:$A$107,0)),0)) | F66: =IF(F10="",0,IFERROR(INDEX(코드!$E$2:$E$107,MATCH(F10,코드!$A$2:$A$107,0)),0)) | G66: =IF(G10="",0,IFERROR(INDEX(코드!$E$2:$E$107,MATCH(G10,코드!$A$2:$A$107,0)),0)) | H66: =IF(H10="",0,IFERROR(INDEX(코드!$E$2:$E$107,MATCH(H10,코드!$A$2:$A$107,0)),0)) | I66: =IF(I10="",0,IFERROR(INDEX(코드!$E$2:$E$107,MATCH(I10,코드!$A$2:$A$107,0)),0)) | J66: =IF(J10="",0,IFERROR(INDEX(코드!$E$2:$E$107,MATCH(J10,코드!$A$2:$A$107,0)),0)) | K66: =IF(K10="",0,IFERROR(INDEX(코드!$E$2:$E$107,MATCH(K10,코드!$A$2:$A$107,0)),0)) | ... AH66: =IF(AH10="",0,IFERROR(INDEX(코드!$E$2:$E$107,MATCH(AH10,코드!$A$2:$A$107,0)),0))
A67: =IF(명부!A5="","",명부!A5) | B67: =IF(명부!C5="","",명부!C5) | C67: =IF(명부!E5="","",명부!E5) | D67: =IF(D11="",0,IFERROR(INDEX(코드!$E$2:$E$107,MATCH(D11,코드!$A$2:$A$107,0)),0)) | E67: =IF(E11="",0,IFERROR(INDEX(코드!$E$2:$E$107,MATCH(E11,코드!$A$2:$A$107,0)),0)) | F67: =IF(F11="",0,IFERROR(INDEX(코드!$E$2:$E$107,MATCH(F11,코드!$A$2:$A$107,0)),0)) | G67: =IF(G11="",0,IFERROR(INDEX(코드!$E$2:$E$107,MATCH(G11,코드!$A$2:$A$107,0)),0)) | H67: =IF(H11="",0,IFERROR(INDEX(코드!$E$2:$E$107,MATCH(H11,코드!$A$2:$A$107,0)),0)) | I67: =IF(I11="",0,IFERROR(INDEX(코드!$E$2:$E$107,MATCH(I11,코드!$A$2:$A$107,0)),0)) | J67: =IF(J11="",0,IFERROR(INDEX(코드!$E$2:$E$107,MATCH(J11,코드!$A$2:$A$107,0)),0)) | K67: =IF(K11="",0,IFERROR(INDEX(코드!$E$2:$E$107,MATCH(K11,코드!$A$2:$A$107,0)),0)) | ... AH67: =IF(AH11="",0,IFERROR(INDEX(코드!$E$2:$E$107,MATCH(AH11,코드!$A$2:$A$107,0)),0))
A68: =IF(명부!A6="","",명부!A6) | B68: =IF(명부!C6="","",명부!C6) | C68: =IF(명부!E6="","",명부!E6) | D68: =IF(D12="",0,IFERROR(INDEX(코드!$E$2:$E$107,MATCH(D12,코드!$A$2:$A$107,0)),0)) | E68: =IF(E12="",0,IFERROR(INDEX(코드!$E$2:$E$107,MATCH(E12,코드!$A$2:$A$107,0)),0)) | F68: =IF(F12="",0,IFERROR(INDEX(코드!$E$2:$E$107,MATCH(F12,코드!$A$2:$A$107,0)),0)) | G68: =IF(G12="",0,IFERROR(INDEX(코드!$E$2:$E$107,MATCH(G12,코드!$A$2:$A$107,0)),0)) | H68: =IF(H12="",0,IFERROR(INDEX(코드!$E$2:$E$107,MATCH(H12,코드!$A$2:$A$107,0)),0)) | I68: =IF(I12="",0,IFERROR(INDEX(코드!$E$2:$E$107,MATCH(I12,코드!$A$2:$A$107,0)),0)) | J68: =IF(J12="",0,IFERROR(INDEX(코드!$E$2:$E$107,MATCH(J12,코드!$A$2:$A$107,0)),0)) | K68: =IF(K12="",0,IFERROR(INDEX(코드!$E$2:$E$107,MATCH(K12,코드!$A$2:$A$107,0)),0)) | ... AH68: =IF(AH12="",0,IFERROR(INDEX(코드!$E$2:$E$107,MATCH(AH12,코드!$A$2:$A$107,0)),0))
A69: =IF(명부!A7="","",명부!A7) | B69: =IF(명부!C7="","",명부!C7) | C69: =IF(명부!E7="","",명부!E7) | D69: =IF(D13="",0,IFERROR(INDEX(코드!$E$2:$E$107,MATCH(D13,코드!$A$2:$A$107,0)),0)) | E69: =IF(E13="",0,IFERROR(INDEX(코드!$E$2:$E$107,MATCH(E13,코드!$A$2:$A$107,0)),0)) | F69: =IF(F13="",0,IFERROR(INDEX(코드!$E$2:$E$107,MATCH(F13,코드!$A$2:$A$107,0)),0)) | G69: =IF(G13="",0,IFERROR(INDEX(코드!$E$2:$E$107,MATCH(G13,코드!$A$2:$A$107,0)),0)) | H69: =IF(H13="",0,IFERROR(INDEX(코드!$E$2:$E$107,MATCH(H13,코드!$A$2:$A$107,0)),0)) | I69: =IF(I13="",0,IFERROR(INDEX(코드!$E$2:$E$107,MATCH(I13,코드!$A$2:$A$107,0)),0)) | J69: =IF(J13="",0,IFERROR(INDEX(코드!$E$2:$E$107,MATCH(J13,코드!$A$2:$A$107,0)),0)) | K69: =IF(K13="",0,IFERROR(INDEX(코드!$E$2:$E$107,MATCH(K13,코드!$A$2:$A$107,0)),0)) | ... AH69: =IF(AH13="",0,IFERROR(INDEX(코드!$E$2:$E$107,MATCH(AH13,코드!$A$2:$A$107,0)),0))
A70: =IF(명부!A8="","",명부!A8) | B70: =IF(명부!C8="","",명부!C8) | C70: =IF(명부!E8="","",명부!E8) | D70: =IF(D14="",0,IFERROR(INDEX(코드!$E$2:$E$107,MATCH(D14,코드!$A$2:$A$107,0)),0)) | E70: =IF(E14="",0,IFERROR(INDEX(코드!$E$2:$E$107,MATCH(E14,코드!$A$2:$A$107,0)),0)) | F70: =IF(F14="",0,IFERROR(INDEX(코드!$E$2:$E$107,MATCH(F14,코드!$A$2:$A$107,0)),0)) | G70: =IF(G14="",0,IFERROR(INDEX(코드!$E$2:$E$107,MATCH(G14,코드!$A$2:$A$107,0)),0)) | H70: =IF(H14="",0,IFERROR(INDEX(코드!$E$2:$E$107,MATCH(H14,코드!$A$2:$A$107,0)),0)) | I70: =IF(I14="",0,IFERROR(INDEX(코드!$E$2:$E$107,MATCH(I14,코드!$A$2:$A$107,0)),0)) | J70: =IF(J14="",0,IFERROR(INDEX(코드!$E$2:$E$107,MATCH(J14,코드!$A$2:$A$107,0)),0)) | K70: =IF(K14="",0,IFERROR(INDEX(코드!$E$2:$E$107,MATCH(K14,코드!$A$2:$A$107,0)),0)) | ... AH70: =IF(AH14="",0,IFERROR(INDEX(코드!$E$2:$E$107,MATCH(AH14,코드!$A$2:$A$107,0)),0))
A71: =IF(명부!A9="","",명부!A9) | B71: =IF(명부!C9="","",명부!C9) | C71: =IF(명부!E9="","",명부!E9) | D71: =IF(D15="",0,IFERROR(INDEX(코드!$E$2:$E$107,MATCH(D15,코드!$A$2:$A$107,0)),0)) | E71: =IF(E15="",0,IFERROR(INDEX(코드!$E$2:$E$107,MATCH(E15,코드!$A$2:$A$107,0)),0)) | F71: =IF(F15="",0,IFERROR(INDEX(코드!$E$2:$E$107,MATCH(F15,코드!$A$2:$A$107,0)),0)) | G71: =IF(G15="",0,IFERROR(INDEX(코드!$E$2:$E$107,MATCH(G15,코드!$A$2:$A$107,0)),0)) | H71: =IF(H15="",0,IFERROR(INDEX(코드!$E$2:$E$107,MATCH(H15,코드!$A$2:$A$107,0)),0)) | I71: =IF(I15="",0,IFERROR(INDEX(코드!$E$2:$E$107,MATCH(I15,코드!$A$2:$A$107,0)),0)) | J71: =IF(J15="",0,IFERROR(INDEX(코드!$E$2:$E$107,MATCH(J15,코드!$A$2:$A$107,0)),0)) | K71: =IF(K15="",0,IFERROR(INDEX(코드!$E$2:$E$107,MATCH(K15,코드!$A$2:$A$107,0)),0)) | ... AH71: =IF(AH15="",0,IFERROR(INDEX(코드!$E$2:$E$107,MATCH(AH15,코드!$A$2:$A$107,0)),0))
A72: =IF(명부!A10="","",명부!A10) | B72: =IF(명부!C10="","",명부!C10) | C72: =IF(명부!E10="","",명부!E10) | D72: =IF(D16="",0,IFERROR(INDEX(코드!$E$2:$E$107,MATCH(D16,코드!$A$2:$A$107,0)),0)) | E72: =IF(E16="",0,IFERROR(INDEX(코드!$E$2:$E$107,MATCH(E16,코드!$A$2:$A$107,0)),0)) | F72: =IF(F16="",0,IFERROR(INDEX(코드!$E$2:$E$107,MATCH(F16,코드!$A$2:$A$107,0)),0)) | G72: =IF(G16="",0,IFERROR(INDEX(코드!$E$2:$E$107,MATCH(G16,코드!$A$2:$A$107,0)),0)) | H72: =IF(H16="",0,IFERROR(INDEX(코드!$E$2:$E$107,MATCH(H16,코드!$A$2:$A$107,0)),0)) | I72: =IF(I16="",0,IFERROR(INDEX(코드!$E$2:$E$107,MATCH(I16,코드!$A$2:$A$107,0)),0)) | J72: =IF(J16="",0,IFERROR(INDEX(코드!$E$2:$E$107,MATCH(J16,코드!$A$2:$A$107,0)),0)) | K72: =IF(K16="",0,IFERROR(INDEX(코드!$E$2:$E$107,MATCH(K16,코드!$A$2:$A$107,0)),0)) | ... AH72: =IF(AH16="",0,IFERROR(INDEX(코드!$E$2:$E$107,MATCH(AH16,코드!$A$2:$A$107,0)),0))
A73: =IF(명부!A11="","",명부!A11) | B73: =IF(명부!C11="","",명부!C11) | C73: =IF(명부!E11="","",명부!E11) | D73: =IF(D17="",0,IFERROR(INDEX(코드!$E$2:$E$107,MATCH(D17,코드!$A$2:$A$107,0)),0)) | E73: =IF(E17="",0,IFERROR(INDEX(코드!$E$2:$E$107,MATCH(E17,코드!$A$2:$A$107,0)),0)) | F73: =IF(F17="",0,IFERROR(INDEX(코드!$E$2:$E$107,MATCH(F17,코드!$A$2:$A$107,0)),0)) | G73: =IF(G17="",0,IFERROR(INDEX(코드!$E$2:$E$107,MATCH(G17,코드!$A$2:$A$107,0)),0)) | H73: =IF(H17="",0,IFERROR(INDEX(코드!$E$2:$E$107,MATCH(H17,코드!$A$2:$A$107,0)),0)) | I73: =IF(I17="",0,IFERROR(INDEX(코드!$E$2:$E$107,MATCH(I17,코드!$A$2:$A$107,0)),0)) | J73: =IF(J17="",0,IFERROR(INDEX(코드!$E$2:$E$107,MATCH(J17,코드!$A$2:$A$107,0)),0)) | K73: =IF(K17="",0,IFERROR(INDEX(코드!$E$2:$E$107,MATCH(K17,코드!$A$2:$A$107,0)),0)) | ... AH73: =IF(AH17="",0,IFERROR(INDEX(코드!$E$2:$E$107,MATCH(AH17,코드!$A$2:$A$107,0)),0))
A74: =IF(명부!A12="","",명부!A12) | B74: =IF(명부!C12="","",명부!C12) | C74: =IF(명부!E12="","",명부!E12) | D74: =IF(D18="",0,IFERROR(INDEX(코드!$E$2:$E$107,MATCH(D18,코드!$A$2:$A$107,0)),0)) | E74: =IF(E18="",0,IFERROR(INDEX(코드!$E$2:$E$107,MATCH(E18,코드!$A$2:$A$107,0)),0)) | F74: =IF(F18="",0,IFERROR(INDEX(코드!$E$2:$E$107,MATCH(F18,코드!$A$2:$A$107,0)),0)) | G74: =IF(G18="",0,IFERROR(INDEX(코드!$E$2:$E$107,MATCH(G18,코드!$A$2:$A$107,0)),0)) | H74: =IF(H18="",0,IFERROR(INDEX(코드!$E$2:$E$107,MATCH(H18,코드!$A$2:$A$107,0)),0)) | I74: =IF(I18="",0,IFERROR(INDEX(코드!$E$2:$E$107,MATCH(I18,코드!$A$2:$A$107,0)),0)) | J74: =IF(J18="",0,IFERROR(INDEX(코드!$E$2:$E$107,MATCH(J18,코드!$A$2:$A$107,0)),0)) | K74: =IF(K18="",0,IFERROR(INDEX(코드!$E$2:$E$107,MATCH(K18,코드!$A$2:$A$107,0)),0)) | ... AH74: =IF(AH18="",0,IFERROR(INDEX(코드!$E$2:$E$107,MATCH(AH18,코드!$A$2:$A$107,0)),0))
A75: =IF(명부!A13="","",명부!A13) | B75: =IF(명부!C13="","",명부!C13) | C75: =IF(명부!E13="","",명부!E13) | D75: =IF(D19="",0,IFERROR(INDEX(코드!$E$2:$E$107,MATCH(D19,코드!$A$2:$A$107,0)),0)) | E75: =IF(E19="",0,IFERROR(INDEX(코드!$E$2:$E$107,MATCH(E19,코드!$A$2:$A$107,0)),0)) | F75: =IF(F19="",0,IFERROR(INDEX(코드!$E$2:$E$107,MATCH(F19,코드!$A$2:$A$107,0)),0)) | G75: =IF(G19="",0,IFERROR(INDEX(코드!$E$2:$E$107,MATCH(G19,코드!$A$2:$A$107,0)),0)) | H75: =IF(H19="",0,IFERROR(INDEX(코드!$E$2:$E$107,MATCH(H19,코드!$A$2:$A$107,0)),0)) | I75: =IF(I19="",0,IFERROR(INDEX(코드!$E$2:$E$107,MATCH(I19,코드!$A$2:$A$107,0)),0)) | J75: =IF(J19="",0,IFERROR(INDEX(코드!$E$2:$E$107,MATCH(J19,코드!$A$2:$A$107,0)),0)) | K75: =IF(K19="",0,IFERROR(INDEX(코드!$E$2:$E$107,MATCH(K19,코드!$A$2:$A$107,0)),0)) | ... AH75: =IF(AH19="",0,IFERROR(INDEX(코드!$E$2:$E$107,MATCH(AH19,코드!$A$2:$A$107,0)),0))
... A87: =IF(명부!A25="","",명부!A25) | B87: =IF(명부!C25="","",명부!C25) | C87: =IF(명부!E25="","",명부!E25) | D87: =IF(D31="",0,IFERROR(INDEX(코드!$E$2:$E$107,MATCH(D31,코드!$A$2:$A$107,0)),0)) | E87: =IF(E31="",0,IFERROR(INDEX(코드!$E$2:$E$107,MATCH(E31,코드!$A$2:$A$107,0)),0)) | F87: =IF(F31="",0,IFERROR(INDEX(코드!$E$2:$E$107,MATCH(F31,코드!$A$2:$A$107,0)),0)) | G87: =IF(G31="",0,IFERROR(INDEX(코드!$E$2:$E$107,MATCH(G31,코드!$A$2:$A$107,0)),0)) | H87: =IF(H31="",0,IFERROR(INDEX(코드!$E$2:$E$107,MATCH(H31,코드!$A$2:$A$107,0)),0)) | I87: =IF(I31="",0,IFERROR(INDEX(코드!$E$2:$E$107,MATCH(I31,코드!$A$2:$A$107,0)),0)) | J87: =IF(J31="",0,IFERROR(INDEX(코드!$E$2:$E$107,MATCH(J31,코드!$A$2:$A$107,0)),0)) | K87: =IF(K31="",0,IFERROR(INDEX(코드!$E$2:$E$107,MATCH(K31,코드!$A$2:$A$107,0)),0)) | ... AH87: =IF(AH31="",0,IFERROR(INDEX(코드!$E$2:$E$107,MATCH(AH31,코드!$A$2:$A$107,0)),0))
A91: 충족
A92: =IF(명부!A2="","",명부!A2) | B92: =IF(명부!C2="","",명부!C2) | C92: =IF(명부!E2="","",명부!E2) | D92: =IF(D$6="휴일",0,IF(D8="",1,IFERROR(INDEX(코드!$F$2:$F$107,MATCH(D8,코드!$A$2:$A$107,0)),0))) | E92: =IF(E$6="휴일",0,IF(E8="",1,IFERROR(INDEX(코드!$F$2:$F$107,MATCH(E8,코드!$A$2:$A$107,0)),0))) | F92: =IF(F$6="휴일",0,IF(F8="",1,IFERROR(INDEX(코드!$F$2:$F$107,MATCH(F8,코드!$A$2:$A$107,0)),0))) | G92: =IF(G$6="휴일",0,IF(G8="",1,IFERROR(INDEX(코드!$F$2:$F$107,MATCH(G8,코드!$A$2:$A$107,0)),0))) | H92: =IF(H$6="휴일",0,IF(H8="",1,IFERROR(INDEX(코드!$F$2:$F$107,MATCH(H8,코드!$A$2:$A$107,0)),0))) | I92: =IF(I$6="휴일",0,IF(I8="",1,IFERROR(INDEX(코드!$F$2:$F$107,MATCH(I8,코드!$A$2:$A$107,0)),0))) | J92: =IF(J$6="휴일",0,IF(J8="",1,IFERROR(INDEX(코드!$F$2:$F$107,MATCH(J8,코드!$A$2:$A$107,0)),0))) | K92: =IF(K$6="휴일",0,IF(K8="",1,IFERROR(INDEX(코드!$F$2:$F$107,MATCH(K8,코드!$A$2:$A$107,0)),0))) | ... AH92: =IF(AH$6="휴일",0,IF(AH8="",1,IFERROR(INDEX(코드!$F$2:$F$107,MATCH(AH8,코드!$A$2:$A$107,0)),0)))
A93: =IF(명부!A3="","",명부!A3) | B93: =IF(명부!C3="","",명부!C3) | C93: =IF(명부!E3="","",명부!E3) | D93: =IF(D$6="휴일",0,IF(D9="",1,IFERROR(INDEX(코드!$F$2:$F$107,MATCH(D9,코드!$A$2:$A$107,0)),0))) | E93: =IF(E$6="휴일",0,IF(E9="",1,IFERROR(INDEX(코드!$F$2:$F$107,MATCH(E9,코드!$A$2:$A$107,0)),0))) | F93: =IF(F$6="휴일",0,IF(F9="",1,IFERROR(INDEX(코드!$F$2:$F$107,MATCH(F9,코드!$A$2:$A$107,0)),0))) | G93: =IF(G$6="휴일",0,IF(G9="",1,IFERROR(INDEX(코드!$F$2:$F$107,MATCH(G9,코드!$A$2:$A$107,0)),0))) | H93: =IF(H$6="휴일",0,IF(H9="",1,IFERROR(INDEX(코드!$F$2:$F$107,MATCH(H9,코드!$A$2:$A$107,0)),0))) | I93: =IF(I$6="휴일",0,IF(I9="",1,IFERROR(INDEX(코드!$F$2:$F$107,MATCH(I9,코드!$A$2:$A$107,0)),0))) | J93: =IF(J$6="휴일",0,IF(J9="",1,IFERROR(INDEX(코드!$F$2:$F$107,MATCH(J9,코드!$A$2:$A$107,0)),0))) | K93: =IF(K$6="휴일",0,IF(K9="",1,IFERROR(INDEX(코드!$F$2:$F$107,MATCH(K9,코드!$A$2:$A$107,0)),0))) | ... AH93: =IF(AH$6="휴일",0,IF(AH9="",1,IFERROR(INDEX(코드!$F$2:$F$107,MATCH(AH9,코드!$A$2:$A$107,0)),0)))
A94: =IF(명부!A4="","",명부!A4) | B94: =IF(명부!C4="","",명부!C4) | C94: =IF(명부!E4="","",명부!E4) | D94: =IF(D$6="휴일",0,IF(D10="",1,IFERROR(INDEX(코드!$F$2:$F$107,MATCH(D10,코드!$A$2:$A$107,0)),0))) | E94: =IF(E$6="휴일",0,IF(E10="",1,IFERROR(INDEX(코드!$F$2:$F$107,MATCH(E10,코드!$A$2:$A$107,0)),0))) | F94: =IF(F$6="휴일",0,IF(F10="",1,IFERROR(INDEX(코드!$F$2:$F$107,MATCH(F10,코드!$A$2:$A$107,0)),0))) | G94: =IF(G$6="휴일",0,IF(G10="",1,IFERROR(INDEX(코드!$F$2:$F$107,MATCH(G10,코드!$A$2:$A$107,0)),0))) | H94: =IF(H$6="휴일",0,IF(H10="",1,IFERROR(INDEX(코드!$F$2:$F$107,MATCH(H10,코드!$A$2:$A$107,0)),0))) | I94: =IF(I$6="휴일",0,IF(I10="",1,IFERROR(INDEX(코드!$F$2:$F$107,MATCH(I10,코드!$A$2:$A$107,0)),0))) | J94: =IF(J$6="휴일",0,IF(J10="",1,IFERROR(INDEX(코드!$F$2:$F$107,MATCH(J10,코드!$A$2:$A$107,0)),0))) | K94: =IF(K$6="휴일",0,IF(K10="",1,IFERROR(INDEX(코드!$F$2:$F$107,MATCH(K10,코드!$A$2:$A$107,0)),0))) | ... AH94: =IF(AH$6="휴일",0,IF(AH10="",1,IFERROR(INDEX(코드!$F$2:$F$107,MATCH(AH10,코드!$A$2:$A$107,0)),0)))
A95: =IF(명부!A5="","",명부!A5) | B95: =IF(명부!C5="","",명부!C5) | C95: =IF(명부!E5="","",명부!E5) | D95: =IF(D$6="휴일",0,IF(D11="",1,IFERROR(INDEX(코드!$F$2:$F$107,MATCH(D11,코드!$A$2:$A$107,0)),0))) | E95: =IF(E$6="휴일",0,IF(E11="",1,IFERROR(INDEX(코드!$F$2:$F$107,MATCH(E11,코드!$A$2:$A$107,0)),0))) | F95: =IF(F$6="휴일",0,IF(F11="",1,IFERROR(INDEX(코드!$F$2:$F$107,MATCH(F11,코드!$A$2:$A$107,0)),0))) | G95: =IF(G$6="휴일",0,IF(G11="",1,IFERROR(INDEX(코드!$F$2:$F$107,MATCH(G11,코드!$A$2:$A$107,0)),0))) | H95: =IF(H$6="휴일",0,IF(H11="",1,IFERROR(INDEX(코드!$F$2:$F$107,MATCH(H11,코드!$A$2:$A$107,0)),0))) | I95: =IF(I$6="휴일",0,IF(I11="",1,IFERROR(INDEX(코드!$F$2:$F$107,MATCH(I11,코드!$A$2:$A$107,0)),0))) | J95: =IF(J$6="휴일",0,IF(J11="",1,IFERROR(INDEX(코드!$F$2:$F$107,MATCH(J11,코드!$A$2:$A$107,0)),0))) | K95: =IF(K$6="휴일",0,IF(K11="",1,IFERROR(INDEX(코드!$F$2:$F$107,MATCH(K11,코드!$A$2:$A$107,0)),0))) | ... AH95: =IF(AH$6="휴일",0,IF(AH11="",1,IFERROR(INDEX(코드!$F$2:$F$107,MATCH(AH11,코드!$A$2:$A$107,0)),0)))
A96: =IF(명부!A6="","",명부!A6) | B96: =IF(명부!C6="","",명부!C6) | C96: =IF(명부!E6="","",명부!E6) | D96: =IF(D$6="휴일",0,IF(D12="",1,IFERROR(INDEX(코드!$F$2:$F$107,MATCH(D12,코드!$A$2:$A$107,0)),0))) | E96: =IF(E$6="휴일",0,IF(E12="",1,IFERROR(INDEX(코드!$F$2:$F$107,MATCH(E12,코드!$A$2:$A$107,0)),0))) | F96: =IF(F$6="휴일",0,IF(F12="",1,IFERROR(INDEX(코드!$F$2:$F$107,MATCH(F12,코드!$A$2:$A$107,0)),0))) | G96: =IF(G$6="휴일",0,IF(G12="",1,IFERROR(INDEX(코드!$F$2:$F$107,MATCH(G12,코드!$A$2:$A$107,0)),0))) | H96: =IF(H$6="휴일",0,IF(H12="",1,IFERROR(INDEX(코드!$F$2:$F$107,MATCH(H12,코드!$A$2:$A$107,0)),0))) | I96: =IF(I$6="휴일",0,IF(I12="",1,IFERROR(INDEX(코드!$F$2:$F$107,MATCH(I12,코드!$A$2:$A$107,0)),0))) | J96: =IF(J$6="휴일",0,IF(J12="",1,IFERROR(INDEX(코드!$F$2:$F$107,MATCH(J12,코드!$A$2:$A$107,0)),0))) | K96: =IF(K$6="휴일",0,IF(K12="",1,IFERROR(INDEX(코드!$F$2:$F$107,MATCH(K12,코드!$A$2:$A$107,0)),0))) | ... AH96: =IF(AH$6="휴일",0,IF(AH12="",1,IFERROR(INDEX(코드!$F$2:$F$107,MATCH(AH12,코드!$A$2:$A$107,0)),0)))
A97: =IF(명부!A7="","",명부!A7) | B97: =IF(명부!C7="","",명부!C7) | C97: =IF(명부!E7="","",명부!E7) | D97: =IF(D$6="휴일",0,IF(D13="",1,IFERROR(INDEX(코드!$F$2:$F$107,MATCH(D13,코드!$A$2:$A$107,0)),0))) | E97: =IF(E$6="휴일",0,IF(E13="",1,IFERROR(INDEX(코드!$F$2:$F$107,MATCH(E13,코드!$A$2:$A$107,0)),0))) | F97: =IF(F$6="휴일",0,IF(F13="",1,IFERROR(INDEX(코드!$F$2:$F$107,MATCH(F13,코드!$A$2:$A$107,0)),0))) | G97: =IF(G$6="휴일",0,IF(G13="",1,IFERROR(INDEX(코드!$F$2:$F$107,MATCH(G13,코드!$A$2:$A$107,0)),0))) | H97: =IF(H$6="휴일",0,IF(H13="",1,IFERROR(INDEX(코드!$F$2:$F$107,MATCH(H13,코드!$A$2:$A$107,0)),0))) | I97: =IF(I$6="휴일",0,IF(I13="",1,IFERROR(INDEX(코드!$F$2:$F$107,MATCH(I13,코드!$A$2:$A$107,0)),0))) | J97: =IF(J$6="휴일",0,IF(J13="",1,IFERROR(INDEX(코드!$F$2:$F$107,MATCH(J13,코드!$A$2:$A$107,0)),0))) | K97: =IF(K$6="휴일",0,IF(K13="",1,IFERROR(INDEX(코드!$F$2:$F$107,MATCH(K13,코드!$A$2:$A$107,0)),0))) | ... AH97: =IF(AH$6="휴일",0,IF(AH13="",1,IFERROR(INDEX(코드!$F$2:$F$107,MATCH(AH13,코드!$A$2:$A$107,0)),0)))
A98: =IF(명부!A8="","",명부!A8) | B98: =IF(명부!C8="","",명부!C8) | C98: =IF(명부!E8="","",명부!E8) | D98: =IF(D$6="휴일",0,IF(D14="",1,IFERROR(INDEX(코드!$F$2:$F$107,MATCH(D14,코드!$A$2:$A$107,0)),0))) | E98: =IF(E$6="휴일",0,IF(E14="",1,IFERROR(INDEX(코드!$F$2:$F$107,MATCH(E14,코드!$A$2:$A$107,0)),0))) | F98: =IF(F$6="휴일",0,IF(F14="",1,IFERROR(INDEX(코드!$F$2:$F$107,MATCH(F14,코드!$A$2:$A$107,0)),0))) | G98: =IF(G$6="휴일",0,IF(G14="",1,IFERROR(INDEX(코드!$F$2:$F$107,MATCH(G14,코드!$A$2:$A$107,0)),0))) | H98: =IF(H$6="휴일",0,IF(H14="",1,IFERROR(INDEX(코드!$F$2:$F$107,MATCH(H14,코드!$A$2:$A$107,0)),0))) | I98: =IF(I$6="휴일",0,IF(I14="",1,IFERROR(INDEX(코드!$F$2:$F$107,MATCH(I14,코드!$A$2:$A$107,0)),0))) | J98: =IF(J$6="휴일",0,IF(J14="",1,IFERROR(INDEX(코드!$F$2:$F$107,MATCH(J14,코드!$A$2:$A$107,0)),0))) | K98: =IF(K$6="휴일",0,IF(K14="",1,IFERROR(INDEX(코드!$F$2:$F$107,MATCH(K14,코드!$A$2:$A$107,0)),0))) | ... AH98: =IF(AH$6="휴일",0,IF(AH14="",1,IFERROR(INDEX(코드!$F$2:$F$107,MATCH(AH14,코드!$A$2:$A$107,0)),0)))
A99: =IF(명부!A9="","",명부!A9) | B99: =IF(명부!C9="","",명부!C9) | C99: =IF(명부!E9="","",명부!E9) | D99: =IF(D$6="휴일",0,IF(D15="",1,IFERROR(INDEX(코드!$F$2:$F$107,MATCH(D15,코드!$A$2:$A$107,0)),0))) | E99: =IF(E$6="휴일",0,IF(E15="",1,IFERROR(INDEX(코드!$F$2:$F$107,MATCH(E15,코드!$A$2:$A$107,0)),0))) | F99: =IF(F$6="휴일",0,IF(F15="",1,IFERROR(INDEX(코드!$F$2:$F$107,MATCH(F15,코드!$A$2:$A$107,0)),0))) | G99: =IF(G$6="휴일",0,IF(G15="",1,IFERROR(INDEX(코드!$F$2:$F$107,MATCH(G15,코드!$A$2:$A$107,0)),0))) | H99: =IF(H$6="휴일",0,IF(H15="",1,IFERROR(INDEX(코드!$F$2:$F$107,MATCH(H15,코드!$A$2:$A$107,0)),0))) | I99: =IF(I$6="휴일",0,IF(I15="",1,IFERROR(INDEX(코드!$F$2:$F$107,MATCH(I15,코드!$A$2:$A$107,0)),0))) | J99: =IF(J$6="휴일",0,IF(J15="",1,IFERROR(INDEX(코드!$F$2:$F$107,MATCH(J15,코드!$A$2:$A$107,0)),0))) | K99: =IF(K$6="휴일",0,IF(K15="",1,IFERROR(INDEX(코드!$F$2:$F$107,MATCH(K15,코드!$A$2:$A$107,0)),0))) | ... AH99: =IF(AH$6="휴일",0,IF(AH15="",1,IFERROR(INDEX(코드!$F$2:$F$107,MATCH(AH15,코드!$A$2:$A$107,0)),0)))
A100: =IF(명부!A10="","",명부!A10) | B100: =IF(명부!C10="","",명부!C10) | C100: =IF(명부!E10="","",명부!E10) | D100: =IF(D$6="휴일",0,IF(D16="",1,IFERROR(INDEX(코드!$F$2:$F$107,MATCH(D16,코드!$A$2:$A$107,0)),0))) | E100: =IF(E$6="휴일",0,IF(E16="",1,IFERROR(INDEX(코드!$F$2:$F$107,MATCH(E16,코드!$A$2:$A$107,0)),0))) | F100: =IF(F$6="휴일",0,IF(F16="",1,IFERROR(INDEX(코드!$F$2:$F$107,MATCH(F16,코드!$A$2:$A$107,0)),0))) | G100: =IF(G$6="휴일",0,IF(G16="",1,IFERROR(INDEX(코드!$F$2:$F$107,MATCH(G16,코드!$A$2:$A$107,0)),0))) | H100: =IF(H$6="휴일",0,IF(H16="",1,IFERROR(INDEX(코드!$F$2:$F$107,MATCH(H16,코드!$A$2:$A$107,0)),0))) | I100: =IF(I$6="휴일",0,IF(I16="",1,IFERROR(INDEX(코드!$F$2:$F$107,MATCH(I16,코드!$A$2:$A$107,0)),0))) | J100: =IF(J$6="휴일",0,IF(J16="",1,IFERROR(INDEX(코드!$F$2:$F$107,MATCH(J16,코드!$A$2:$A$107,0)),0))) | K100: =IF(K$6="휴일",0,IF(K16="",1,IFERROR(INDEX(코드!$F$2:$F$107,MATCH(K16,코드!$A$2:$A$107,0)),0))) | ... AH100: =IF(AH$6="휴일",0,IF(AH16="",1,IFERROR(INDEX(코드!$F$2:$F$107,MATCH(AH16,코드!$A$2:$A$107,0)),0)))
A101: =IF(명부!A11="","",명부!A11) | B101: =IF(명부!C11="","",명부!C11) | C101: =IF(명부!E11="","",명부!E11) | D101: =IF(D$6="휴일",0,IF(D17="",1,IFERROR(INDEX(코드!$F$2:$F$107,MATCH(D17,코드!$A$2:$A$107,0)),0))) | E101: =IF(E$6="휴일",0,IF(E17="",1,IFERROR(INDEX(코드!$F$2:$F$107,MATCH(E17,코드!$A$2:$A$107,0)),0))) | F101: =IF(F$6="휴일",0,IF(F17="",1,IFERROR(INDEX(코드!$F$2:$F$107,MATCH(F17,코드!$A$2:$A$107,0)),0))) | G101: =IF(G$6="휴일",0,IF(G17="",1,IFERROR(INDEX(코드!$F$2:$F$107,MATCH(G17,코드!$A$2:$A$107,0)),0))) | H101: =IF(H$6="휴일",0,IF(H17="",1,IFERROR(INDEX(코드!$F$2:$F$107,MATCH(H17,코드!$A$2:$A$107,0)),0))) | I101: =IF(I$6="휴일",0,IF(I17="",1,IFERROR(INDEX(코드!$F$2:$F$107,MATCH(I17,코드!$A$2:$A$107,0)),0))) | J101: =IF(J$6="휴일",0,IF(J17="",1,IFERROR(INDEX(코드!$F$2:$F$107,MATCH(J17,코드!$A$2:$A$107,0)),0))) | K101: =IF(K$6="휴일",0,IF(K17="",1,IFERROR(INDEX(코드!$F$2:$F$107,MATCH(K17,코드!$A$2:$A$107,0)),0))) | ... AH101: =IF(AH$6="휴일",0,IF(AH17="",1,IFERROR(INDEX(코드!$F$2:$F$107,MATCH(AH17,코드!$A$2:$A$107,0)),0)))
A102: =IF(명부!A12="","",명부!A12) | B102: =IF(명부!C12="","",명부!C12) | C102: =IF(명부!E12="","",명부!E12) | D102: =IF(D$6="휴일",0,IF(D18="",1,IFERROR(INDEX(코드!$F$2:$F$107,MATCH(D18,코드!$A$2:$A$107,0)),0))) | E102: =IF(E$6="휴일",0,IF(E18="",1,IFERROR(INDEX(코드!$F$2:$F$107,MATCH(E18,코드!$A$2:$A$107,0)),0))) | F102: =IF(F$6="휴일",0,IF(F18="",1,IFERROR(INDEX(코드!$F$2:$F$107,MATCH(F18,코드!$A$2:$A$107,0)),0))) | G102: =IF(G$6="휴일",0,IF(G18="",1,IFERROR(INDEX(코드!$F$2:$F$107,MATCH(G18,코드!$A$2:$A$107,0)),0))) | H102: =IF(H$6="휴일",0,IF(H18="",1,IFERROR(INDEX(코드!$F$2:$F$107,MATCH(H18,코드!$A$2:$A$107,0)),0))) | I102: =IF(I$6="휴일",0,IF(I18="",1,IFERROR(INDEX(코드!$F$2:$F$107,MATCH(I18,코드!$A$2:$A$107,0)),0))) | J102: =IF(J$6="휴일",0,IF(J18="",1,IFERROR(INDEX(코드!$F$2:$F$107,MATCH(J18,코드!$A$2:$A$107,0)),0))) | K102: =IF(K$6="휴일",0,IF(K18="",1,IFERROR(INDEX(코드!$F$2:$F$107,MATCH(K18,코드!$A$2:$A$107,0)),0))) | ... AH102: =IF(AH$6="휴일",0,IF(AH18="",1,IFERROR(INDEX(코드!$F$2:$F$107,MATCH(AH18,코드!$A$2:$A$107,0)),0)))
A103: =IF(명부!A13="","",명부!A13) | B103: =IF(명부!C13="","",명부!C13) | C103: =IF(명부!E13="","",명부!E13) | D103: =IF(D$6="휴일",0,IF(D19="",1,IFERROR(INDEX(코드!$F$2:$F$107,MATCH(D19,코드!$A$2:$A$107,0)),0))) | E103: =IF(E$6="휴일",0,IF(E19="",1,IFERROR(INDEX(코드!$F$2:$F$107,MATCH(E19,코드!$A$2:$A$107,0)),0))) | F103: =IF(F$6="휴일",0,IF(F19="",1,IFERROR(INDEX(코드!$F$2:$F$107,MATCH(F19,코드!$A$2:$A$107,0)),0))) | G103: =IF(G$6="휴일",0,IF(G19="",1,IFERROR(INDEX(코드!$F$2:$F$107,MATCH(G19,코드!$A$2:$A$107,0)),0))) | H103: =IF(H$6="휴일",0,IF(H19="",1,IFERROR(INDEX(코드!$F$2:$F$107,MATCH(H19,코드!$A$2:$A$107,0)),0))) | I103: =IF(I$6="휴일",0,IF(I19="",1,IFERROR(INDEX(코드!$F$2:$F$107,MATCH(I19,코드!$A$2:$A$107,0)),0))) | J103: =IF(J$6="휴일",0,IF(J19="",1,IFERROR(INDEX(코드!$F$2:$F$107,MATCH(J19,코드!$A$2:$A$107,0)),0))) | K103: =IF(K$6="휴일",0,IF(K19="",1,IFERROR(INDEX(코드!$F$2:$F$107,MATCH(K19,코드!$A$2:$A$107,0)),0))) | ... AH103: =IF(AH$6="휴일",0,IF(AH19="",1,IFERROR(INDEX(코드!$F$2:$F$107,MATCH(AH19,코드!$A$2:$A$107,0)),0)))
... A115: =IF(명부!A25="","",명부!A25) | B115: =IF(명부!C25="","",명부!C25) | C115: =IF(명부!E25="","",명부!E25) | D115: =IF(D$6="휴일",0,IF(D31="",1,IFERROR(INDEX(코드!$F$2:$F$107,MATCH(D31,코드!$A$2:$A$107,0)),0))) | E115: =IF(E$6="휴일",0,IF(E31="",1,IFERROR(INDEX(코드!$F$2:$F$107,MATCH(E31,코드!$A$2:$A$107,0)),0))) | F115: =IF(F$6="휴일",0,IF(F31="",1,IFERROR(INDEX(코드!$F$2:$F$107,MATCH(F31,코드!$A$2:$A$107,0)),0))) | G115: =IF(G$6="휴일",0,IF(G31="",1,IFERROR(INDEX(코드!$F$2:$F$107,MATCH(G31,코드!$A$2:$A$107,0)),0))) | H115: =IF(H$6="휴일",0,IF(H31="",1,IFERROR(INDEX(코드!$F$2:$F$107,MATCH(H31,코드!$A$2:$A$107,0)),0))) | I115: =IF(I$6="휴일",0,IF(I31="",1,IFERROR(INDEX(코드!$F$2:$F$107,MATCH(I31,코드!$A$2:$A$107,0)),0))) | J115: =IF(J$6="휴일",0,IF(J31="",1,IFERROR(INDEX(코드!$F$2:$F$107,MATCH(J31,코드!$A$2:$A$107,0)),0))) | K115: =IF(K$6="휴일",0,IF(K31="",1,IFERROR(INDEX(코드!$F$2:$F$107,MATCH(K31,코드!$A$2:$A$107,0)),0))) | ... AH115: =IF(AH$6="휴일",0,IF(AH31="",1,IFERROR(INDEX(코드!$F$2:$F$107,MATCH(AH31,코드!$A$2:$A$107,0)),0)))
A119: 후보
A120: =IF(명부!A2="","",명부!A2) | B120: =IF(명부!C2="","",명부!C2) | C120: =IF(명부!E2="","",명부!E2) | D120: =IF(D8="",0,IF(COUNTIF(코드!$K$2:$K$60,D8)>0,1,0)) | E120: =IF(E8="",0,IF(COUNTIF(코드!$K$2:$K$60,E8)>0,1,0)) | F120: =IF(F8="",0,IF(COUNTIF(코드!$K$2:$K$60,F8)>0,1,0)) | G120: =IF(G8="",0,IF(COUNTIF(코드!$K$2:$K$60,G8)>0,1,0)) | H120: =IF(H8="",0,IF(COUNTIF(코드!$K$2:$K$60,H8)>0,1,0)) | I120: =IF(I8="",0,IF(COUNTIF(코드!$K$2:$K$60,I8)>0,1,0)) | J120: =IF(J8="",0,IF(COUNTIF(코드!$K$2:$K$60,J8)>0,1,0)) | K120: =IF(K8="",0,IF(COUNTIF(코드!$K$2:$K$60,K8)>0,1,0)) | ... AH120: =IF(AH8="",0,IF(COUNTIF(코드!$K$2:$K$60,AH8)>0,1,0))
A121: =IF(명부!A3="","",명부!A3) | B121: =IF(명부!C3="","",명부!C3) | C121: =IF(명부!E3="","",명부!E3) | D121: =IF(D9="",0,IF(COUNTIF(코드!$K$2:$K$60,D9)>0,1,0)) | E121: =IF(E9="",0,IF(COUNTIF(코드!$K$2:$K$60,E9)>0,1,0)) | F121: =IF(F9="",0,IF(COUNTIF(코드!$K$2:$K$60,F9)>0,1,0)) | G121: =IF(G9="",0,IF(COUNTIF(코드!$K$2:$K$60,G9)>0,1,0)) | H121: =IF(H9="",0,IF(COUNTIF(코드!$K$2:$K$60,H9)>0,1,0)) | I121: =IF(I9="",0,IF(COUNTIF(코드!$K$2:$K$60,I9)>0,1,0)) | J121: =IF(J9="",0,IF(COUNTIF(코드!$K$2:$K$60,J9)>0,1,0)) | K121: =IF(K9="",0,IF(COUNTIF(코드!$K$2:$K$60,K9)>0,1,0)) | ... AH121: =IF(AH9="",0,IF(COUNTIF(코드!$K$2:$K$60,AH9)>0,1,0))
A122: =IF(명부!A4="","",명부!A4) | B122: =IF(명부!C4="","",명부!C4) | C122: =IF(명부!E4="","",명부!E4) | D122: =IF(D10="",0,IF(COUNTIF(코드!$K$2:$K$60,D10)>0,1,0)) | E122: =IF(E10="",0,IF(COUNTIF(코드!$K$2:$K$60,E10)>0,1,0)) | F122: =IF(F10="",0,IF(COUNTIF(코드!$K$2:$K$60,F10)>0,1,0)) | G122: =IF(G10="",0,IF(COUNTIF(코드!$K$2:$K$60,G10)>0,1,0)) | H122: =IF(H10="",0,IF(COUNTIF(코드!$K$2:$K$60,H10)>0,1,0)) | I122: =IF(I10="",0,IF(COUNTIF(코드!$K$2:$K$60,I10)>0,1,0)) | J122: =IF(J10="",0,IF(COUNTIF(코드!$K$2:$K$60,J10)>0,1,0)) | K122: =IF(K10="",0,IF(COUNTIF(코드!$K$2:$K$60,K10)>0,1,0)) | ... AH122: =IF(AH10="",0,IF(COUNTIF(코드!$K$2:$K$60,AH10)>0,1,0))
A123: =IF(명부!A5="","",명부!A5) | B123: =IF(명부!C5="","",명부!C5) | C123: =IF(명부!E5="","",명부!E5) | D123: =IF(D11="",0,IF(COUNTIF(코드!$K$2:$K$60,D11)>0,1,0)) | E123: =IF(E11="",0,IF(COUNTIF(코드!$K$2:$K$60,E11)>0,1,0)) | F123: =IF(F11="",0,IF(COUNTIF(코드!$K$2:$K$60,F11)>0,1,0)) | G123: =IF(G11="",0,IF(COUNTIF(코드!$K$2:$K$60,G11)>0,1,0)) | H123: =IF(H11="",0,IF(COUNTIF(코드!$K$2:$K$60,H11)>0,1,0)) | I123: =IF(I11="",0,IF(COUNTIF(코드!$K$2:$K$60,I11)>0,1,0)) | J123: =IF(J11="",0,IF(COUNTIF(코드!$K$2:$K$60,J11)>0,1,0)) | K123: =IF(K11="",0,IF(COUNTIF(코드!$K$2:$K$60,K11)>0,1,0)) | ... AH123: =IF(AH11="",0,IF(COUNTIF(코드!$K$2:$K$60,AH11)>0,1,0))
A124: =IF(명부!A6="","",명부!A6) | B124: =IF(명부!C6="","",명부!C6) | C124: =IF(명부!E6="","",명부!E6) | D124: =IF(D12="",0,IF(COUNTIF(코드!$K$2:$K$60,D12)>0,1,0)) | E124: =IF(E12="",0,IF(COUNTIF(코드!$K$2:$K$60,E12)>0,1,0)) | F124: =IF(F12="",0,IF(COUNTIF(코드!$K$2:$K$60,F12)>0,1,0)) | G124: =IF(G12="",0,IF(COUNTIF(코드!$K$2:$K$60,G12)>0,1,0)) | H124: =IF(H12="",0,IF(COUNTIF(코드!$K$2:$K$60,H12)>0,1,0)) | I124: =IF(I12="",0,IF(COUNTIF(코드!$K$2:$K$60,I12)>0,1,0)) | J124: =IF(J12="",0,IF(COUNTIF(코드!$K$2:$K$60,J12)>0,1,0)) | K124: =IF(K12="",0,IF(COUNTIF(코드!$K$2:$K$60,K12)>0,1,0)) | ... AH124: =IF(AH12="",0,IF(COUNTIF(코드!$K$2:$K$60,AH12)>0,1,0))
A125: =IF(명부!A7="","",명부!A7) | B125: =IF(명부!C7="","",명부!C7) | C125: =IF(명부!E7="","",명부!E7) | D125: =IF(D13="",0,IF(COUNTIF(코드!$K$2:$K$60,D13)>0,1,0)) | E125: =IF(E13="",0,IF(COUNTIF(코드!$K$2:$K$60,E13)>0,1,0)) | F125: =IF(F13="",0,IF(COUNTIF(코드!$K$2:$K$60,F13)>0,1,0)) | G125: =IF(G13="",0,IF(COUNTIF(코드!$K$2:$K$60,G13)>0,1,0)) | H125: =IF(H13="",0,IF(COUNTIF(코드!$K$2:$K$60,H13)>0,1,0)) | I125: =IF(I13="",0,IF(COUNTIF(코드!$K$2:$K$60,I13)>0,1,0)) | J125: =IF(J13="",0,IF(COUNTIF(코드!$K$2:$K$60,J13)>0,1,0)) | K125: =IF(K13="",0,IF(COUNTIF(코드!$K$2:$K$60,K13)>0,1,0)) | ... AH125: =IF(AH13="",0,IF(COUNTIF(코드!$K$2:$K$60,AH13)>0,1,0))
A126: =IF(명부!A8="","",명부!A8) | B126: =IF(명부!C8="","",명부!C8) | C126: =IF(명부!E8="","",명부!E8) | D126: =IF(D14="",0,IF(COUNTIF(코드!$K$2:$K$60,D14)>0,1,0)) | E126: =IF(E14="",0,IF(COUNTIF(코드!$K$2:$K$60,E14)>0,1,0)) | F126: =IF(F14="",0,IF(COUNTIF(코드!$K$2:$K$60,F14)>0,1,0)) | G126: =IF(G14="",0,IF(COUNTIF(코드!$K$2:$K$60,G14)>0,1,0)) | H126: =IF(H14="",0,IF(COUNTIF(코드!$K$2:$K$60,H14)>0,1,0)) | I126: =IF(I14="",0,IF(COUNTIF(코드!$K$2:$K$60,I14)>0,1,0)) | J126: =IF(J14="",0,IF(COUNTIF(코드!$K$2:$K$60,J14)>0,1,0)) | K126: =IF(K14="",0,IF(COUNTIF(코드!$K$2:$K$60,K14)>0,1,0)) | ... AH126: =IF(AH14="",0,IF(COUNTIF(코드!$K$2:$K$60,AH14)>0,1,0))
A127: =IF(명부!A9="","",명부!A9) | B127: =IF(명부!C9="","",명부!C9) | C127: =IF(명부!E9="","",명부!E9) | D127: =IF(D15="",0,IF(COUNTIF(코드!$K$2:$K$60,D15)>0,1,0)) | E127: =IF(E15="",0,IF(COUNTIF(코드!$K$2:$K$60,E15)>0,1,0)) | F127: =IF(F15="",0,IF(COUNTIF(코드!$K$2:$K$60,F15)>0,1,0)) | G127: =IF(G15="",0,IF(COUNTIF(코드!$K$2:$K$60,G15)>0,1,0)) | H127: =IF(H15="",0,IF(COUNTIF(코드!$K$2:$K$60,H15)>0,1,0)) | I127: =IF(I15="",0,IF(COUNTIF(코드!$K$2:$K$60,I15)>0,1,0)) | J127: =IF(J15="",0,IF(COUNTIF(코드!$K$2:$K$60,J15)>0,1,0)) | K127: =IF(K15="",0,IF(COUNTIF(코드!$K$2:$K$60,K15)>0,1,0)) | ... AH127: =IF(AH15="",0,IF(COUNTIF(코드!$K$2:$K$60,AH15)>0,1,0))
A128: =IF(명부!A10="","",명부!A10) | B128: =IF(명부!C10="","",명부!C10) | C128: =IF(명부!E10="","",명부!E10) | D128: =IF(D16="",0,IF(COUNTIF(코드!$K$2:$K$60,D16)>0,1,0)) | E128: =IF(E16="",0,IF(COUNTIF(코드!$K$2:$K$60,E16)>0,1,0)) | F128: =IF(F16="",0,IF(COUNTIF(코드!$K$2:$K$60,F16)>0,1,0)) | G128: =IF(G16="",0,IF(COUNTIF(코드!$K$2:$K$60,G16)>0,1,0)) | H128: =IF(H16="",0,IF(COUNTIF(코드!$K$2:$K$60,H16)>0,1,0)) | I128: =IF(I16="",0,IF(COUNTIF(코드!$K$2:$K$60,I16)>0,1,0)) | J128: =IF(J16="",0,IF(COUNTIF(코드!$K$2:$K$60,J16)>0,1,0)) | K128: =IF(K16="",0,IF(COUNTIF(코드!$K$2:$K$60,K16)>0,1,0)) | ... AH128: =IF(AH16="",0,IF(COUNTIF(코드!$K$2:$K$60,AH16)>0,1,0))
A129: =IF(명부!A11="","",명부!A11) | B129: =IF(명부!C11="","",명부!C11) | C129: =IF(명부!E11="","",명부!E11) | D129: =IF(D17="",0,IF(COUNTIF(코드!$K$2:$K$60,D17)>0,1,0)) | E129: =IF(E17="",0,IF(COUNTIF(코드!$K$2:$K$60,E17)>0,1,0)) | F129: =IF(F17="",0,IF(COUNTIF(코드!$K$2:$K$60,F17)>0,1,0)) | G129: =IF(G17="",0,IF(COUNTIF(코드!$K$2:$K$60,G17)>0,1,0)) | H129: =IF(H17="",0,IF(COUNTIF(코드!$K$2:$K$60,H17)>0,1,0)) | I129: =IF(I17="",0,IF(COUNTIF(코드!$K$2:$K$60,I17)>0,1,0)) | J129: =IF(J17="",0,IF(COUNTIF(코드!$K$2:$K$60,J17)>0,1,0)) | K129: =IF(K17="",0,IF(COUNTIF(코드!$K$2:$K$60,K17)>0,1,0)) | ... AH129: =IF(AH17="",0,IF(COUNTIF(코드!$K$2:$K$60,AH17)>0,1,0))
A130: =IF(명부!A12="","",명부!A12) | B130: =IF(명부!C12="","",명부!C12) | C130: =IF(명부!E12="","",명부!E12) | D130: =IF(D18="",0,IF(COUNTIF(코드!$K$2:$K$60,D18)>0,1,0)) | E130: =IF(E18="",0,IF(COUNTIF(코드!$K$2:$K$60,E18)>0,1,0)) | F130: =IF(F18="",0,IF(COUNTIF(코드!$K$2:$K$60,F18)>0,1,0)) | G130: =IF(G18="",0,IF(COUNTIF(코드!$K$2:$K$60,G18)>0,1,0)) | H130: =IF(H18="",0,IF(COUNTIF(코드!$K$2:$K$60,H18)>0,1,0)) | I130: =IF(I18="",0,IF(COUNTIF(코드!$K$2:$K$60,I18)>0,1,0)) | J130: =IF(J18="",0,IF(COUNTIF(코드!$K$2:$K$60,J18)>0,1,0)) | K130: =IF(K18="",0,IF(COUNTIF(코드!$K$2:$K$60,K18)>0,1,0)) | ... AH130: =IF(AH18="",0,IF(COUNTIF(코드!$K$2:$K$60,AH18)>0,1,0))
A131: =IF(명부!A13="","",명부!A13) | B131: =IF(명부!C13="","",명부!C13) | C131: =IF(명부!E13="","",명부!E13) | D131: =IF(D19="",0,IF(COUNTIF(코드!$K$2:$K$60,D19)>0,1,0)) | E131: =IF(E19="",0,IF(COUNTIF(코드!$K$2:$K$60,E19)>0,1,0)) | F131: =IF(F19="",0,IF(COUNTIF(코드!$K$2:$K$60,F19)>0,1,0)) | G131: =IF(G19="",0,IF(COUNTIF(코드!$K$2:$K$60,G19)>0,1,0)) | H131: =IF(H19="",0,IF(COUNTIF(코드!$K$2:$K$60,H19)>0,1,0)) | I131: =IF(I19="",0,IF(COUNTIF(코드!$K$2:$K$60,I19)>0,1,0)) | J131: =IF(J19="",0,IF(COUNTIF(코드!$K$2:$K$60,J19)>0,1,0)) | K131: =IF(K19="",0,IF(COUNTIF(코드!$K$2:$K$60,K19)>0,1,0)) | ... AH131: =IF(AH19="",0,IF(COUNTIF(코드!$K$2:$K$60,AH19)>0,1,0))
... A143: =IF(명부!A25="","",명부!A25) | B143: =IF(명부!C25="","",명부!C25) | C143: =IF(명부!E25="","",명부!E25) | D143: =IF(D31="",0,IF(COUNTIF(코드!$K$2:$K$60,D31)>0,1,0)) | E143: =IF(E31="",0,IF(COUNTIF(코드!$K$2:$K$60,E31)>0,1,0)) | F143: =IF(F31="",0,IF(COUNTIF(코드!$K$2:$K$60,F31)>0,1,0)) | G143: =IF(G31="",0,IF(COUNTIF(코드!$K$2:$K$60,G31)>0,1,0)) | H143: =IF(H31="",0,IF(COUNTIF(코드!$K$2:$K$60,H31)>0,1,0)) | I143: =IF(I31="",0,IF(COUNTIF(코드!$K$2:$K$60,I31)>0,1,0)) | J143: =IF(J31="",0,IF(COUNTIF(코드!$K$2:$K$60,J31)>0,1,0)) | K143: =IF(K31="",0,IF(COUNTIF(코드!$K$2:$K$60,K31)>0,1,0)) | ... AH143: =IF(AH31="",0,IF(COUNTIF(코드!$K$2:$K$60,AH31)>0,1,0))
